Mois,Livrables conformes,Livrables dans la tol√©rance,Livrables non-conformes
Jan 2024,225,0,0
Jan 2024,6,0,6
Jan 2024,4,0,0
Jan 2024,233,0,0
Jan 2024,1,0,0
Jan 2024,6,0,0
Jan 2024,132,0,216
Jan 2024,1,0,0
Jan 2024,1,0,0
Jan 2024,46,0,18
Jan 2024,38,0,0
Jan 2024,7,0,0
Jan 2024,124,0,0
Jan 2024,468,0,0
Jan 2024,46,0,0
Jan 2024,60,0,0
Jan 2024,420,0,0
Jan 2024,172,0,0
Jan 2024,57,0,0
Jan 2024,1417,0,0
Jan 2024,249,0,0
Jan 2024,331,0,0
Jan 2024,1058,0,0
Jan 2024,4,0,4
Jan 2024,214,0,0
Jan 2024,3,0,0
Jan 2024,5,0,0
Jan 2024,3,0,0
Jan 2024,128,0,0
Jan 2024,13,0,0
Jan 2024,9,0,0
Jan 2024,1,0,0
Jan 2024,74,0,0
Jan 2024,9,0,0
Jan 2024,138,0,0
Jan 2024,1446,0,0
Jan 2024,175,0,4
Jan 2024,0,0,0
Jan 2024,3954,0,13
Jan 2024,993,0,0
Jan 2024,495,0,0
Jan 2024,1097,0,0
Jan 2024,525,0,0
Jan 2024,241,0,0
Jan 2024,217,0,0
Jan 2024,501,0,0
Jan 2024,94,0,0
Jan 2024,0,0,0
Jan 2024,1423,0,9
Jan 2024,12,0,0
Jan 2024,5,0,0
Jan 2024,1,0,0
Jan 2024,17,0,0
Jan 2024,16,0,0
Jan 2024,9,0,0
Jan 2024,847,0,0
Jan 2024,0,0,0
Jan 2024,83,0,0
Jan 2024,74,0,0
Jan 2024,278,0,0
Jan 2024,2539,0,0
Jan 2024,82,0,0
Jan 2024,1,0,0
Jan 2024,0,0,0
Jan 2024,483,0,0
Jan 2024,207,0,0
Jan 2024,373,0,0
Jan 2024,6,0,0
Jan 2024,8,0,0
Jan 2024,2,0,0
Jan 2024,1,0,0
Jan 2024,2,0,0
Jan 2024,1,0,0
Jan 2024,11,0,0
Jan 2024,3,0,0
Jan 2024,302,0,0
Jan 2024,91,0,0
Jan 2024,1,0,0
Jan 2024,54,0,0
Jan 2024,780,0,0
Jan 2024,222,0,0
Jan 2024,345,0,0
Jan 2024,92,0,0
Jan 2024,61,0,0
Jan 2024,2,0,2
Jan 2024,32,0,0
Jan 2024,104,0,0
Jan 2024,325,0,0
Jan 2024,34,0,0
Jan 2024,1,0,0
Jan 2024,0,0,0
Jan 2024,8,0,0
Jan 2024,56,0,0
Jan 2024,95,0,6
Jan 2024,100,0,0
Jan 2024,100,0,0
Jan 2024,0,0,0
Jan 2024,1,0,1
Jan 2024,5,1,0
Jan 2024,6,0,0
Jan 2024,3,0,2
Jan 2024,0,0,3
Jan 2024,2,0,0
Jan 2024,9,0,0
Jan 2024,5,0,0
Jan 2024,22,0,0
Jan 2024,2,0,0
Jan 2024,19,0,0
Jan 2024,9,0,0
Jan 2024,1,0,0
Jan 2024,1,0,0
Jan 2024,2,0,0
Jan 2024,4,0,4
Jan 2024,20,0,0
Jan 2024,22,0,0
Jan 2024,4946,0,0
Jan 2024,8,0,2
Jan 2024,100,0,0
Jan 2024,100,0,0
Jan 2024,87,0,13
Jan 2024,100,0,0
Jan 2024,107,0,0
Jan 2024,0,0,0
Jan 2024,1090,0,222
Jan 2024,0,0,0
Fev 2024,1,0,0
Fev 2024,1,0,6
Fev 2024,14,0,0
Fev 2024,161,0,94
Fev 2024,174,0,0
Fev 2024,1,0,0
Fev 2024,360,0,0
Fev 2024,15,0,0
Fev 2024,161,0,61
Fev 2024,0,0,0
Fev 2024,5,0,1
Fev 2024,185,0,0
Fev 2024,33,0,0
Fev 2024,75,0,0
Fev 2024,0,0,0
Fev 2024,0,0,0
Fev 2024,16,0,0
Fev 2024,98,0,0
Fev 2024,4,0,0
Fev 2024,6,0,0
Fev 2024,10,0,0
Fev 2024,8,0,0
Fev 2024,3,0,0
Fev 2024,664,0,0
Fev 2024,694,0,0
Fev 2024,519,0,0
Fev 2024,72,0,0
Fev 2024,398,0,0
Fev 2024,953,0,0
Fev 2024,141,0,0
Fev 2024,30,0,0
Fev 2024,17,0,0
Fev 2024,948,0,0
Fev 2024,47,0,1
Fev 2024,0,0,0
Fev 2024,18,0,0
Fev 2024,12,0,0
Fev 2024,0,0,0
Fev 2024,100,0,0
Fev 2024,419,0,0
Fev 2024,434,0,0
Fev 2024,92,0,0
Fev 2024,43,0,0
Fev 2024,52,0,10
Fev 2024,1200,0,0
Fev 2024,201,0,0
Fev 2024,13,0,0
Fev 2024,1338,0,29
Fev 2024,1,0,0
Fev 2024,1,0,0
Fev 2024,1,0,0
Fev 2024,127,0,0
Fev 2024,56,0,0
Fev 2024,1,0,0
Fev 2024,1,0,0
Fev 2024,1,0,0
Fev 2024,10,0,0
Fev 2024,12,0,0
Fev 2024,54,0,0
Fev 2024,239,0,0
Fev 2024,232,0,0
Fev 2024,2,0,0
Fev 2024,8,0,0
Fev 2024,2,0,0
Fev 2024,5031,0,1
Fev 2024,2,0,2
Fev 2024,0,0,3
Fev 2024,2,0,0
Fev 2024,7,0,0
Fev 2024,3,0,0
Fev 2024,19,0,0
Fev 2024,2,0,0
Fev 2024,90,0,0
Fev 2024,6,0,0
Fev 2024,3,0,0
Fev 2024,2,0,0
Fev 2024,3,0,0
Fev 2024,5,0,4
Fev 2024,1251,0,0
Fev 2024,328,0,0
Fev 2024,191,0,0
Fev 2024,16,0,0
Fev 2024,399,0,0
Fev 2024,0,0,0
Fev 2024,122,0,0
Fev 2024,2989,0,0
Fev 2024,100,0,0
Fev 2024,10,0,0
Fev 2024,16,0,0
Fev 2024,1,0,0
Fev 2024,2,0,0
Fev 2024,2,0,0
Fev 2024,7,0,0
Fev 2024,11,0,0
Fev 2024,1,0,0
Fev 2024,2,0,0
Fev 2024,1176,0,0
Fev 2024,216,0,0
Fev 2024,214,0,0
Fev 2024,1322,0,0
Fev 2024,163,0,5
Fev 2024,86,0,0
Fev 2024,366,0,0
Fev 2024,496,0,0
Fev 2024,970,0,0
Fev 2024,363,0,0
Fev 2024,465,0,0
Fev 2024,39,0,0
Fev 2024,33,0,0
Fev 2024,8535,0,0
Fev 2024,4,0,0
Fev 2024,0,0,0
Fev 2024,365,0,0
Fev 2024,64,0,0
Fev 2024,106,0,0
Fev 2024,56,0,0
Fev 2024,11,0,0
Fev 2024,0,0,0
Fev 2024,97,0,3
Fev 2024,100,0,0
Fev 2024,90,0,10
Fev 2024,102,0,4
Fev 2024,0,0,0
Fev 2024,1059,0,256
Fev 2024,0,0,0
Fev 2024,100,0,0
Fev 2024,0,0,0
Mar 2024,427,0,0
Mar 2024,12,0,0
Mar 2024,256,0,41
Mar 2024,1,0,0
Mar 2024,586,0,0
Mar 2024,505,0,0
Mar 2024,575,0,0
Mar 2024,93,0,0
Mar 2024,1,0,0
Mar 2024,9,0,0
Mar 2024,13,0,0
Mar 2024,52,0,7
Mar 2024,221,0,0
Mar 2024,1524,0,16
Mar 2024,195,0,131
Mar 2024,1,0,0
Mar 2024,57,0,0
Mar 2024,14,0,0
Mar 2024,3,0,0
Mar 2024,9,0,0
Mar 2024,5,0,0
Mar 2024,4,0,0
Mar 2024,154,0,0
Mar 2024,14,0,0
Mar 2024,9,0,0
Mar 2024,897,0,0
Mar 2024,1,0,0
Mar 2024,0,0,0
Mar 2024,13,0,0
Mar 2024,5,0,0
Mar 2024,16,0,0
Mar 2024,10,0,0
Mar 2024,144,0,0
Mar 2024,2,0,0
Mar 2024,32,0,0
Mar 2024,2,0,0
Mar 2024,1,0,0
Mar 2024,2,0,0
Mar 2024,2,0,0
Mar 2024,11,0,0
Mar 2024,1,0,0
Mar 2024,5,0,0
Mar 2024,1,0,0
Mar 2024,1,0,0
Mar 2024,1,0,0
Mar 2024,1,0,0
Mar 2024,168,0,0
Mar 2024,811,0,0
Mar 2024,321,0,0
Mar 2024,152,0,0
Mar 2024,33,0,0
Mar 2024,0,0,0
Mar 2024,10,0,0
Mar 2024,3,0,0
Mar 2024,0,0,0
Mar 2024,0,0,0
Mar 2024,4636,0,0
Mar 2024,365,0,0
Mar 2024,23,0,0
Mar 2024,216,0,0
Mar 2024,0,0,0
Mar 2024,1964,0,0
Mar 2024,1440,0,0
Mar 2024,536,0,0
Mar 2024,377,0,0
Mar 2024,218,0,0
Mar 2024,60,0,0
Mar 2024,0,0,0
Mar 2024,368,0,0
Mar 2024,512,0,3
Mar 2024,7,0,0
Mar 2024,98,0,2
Mar 2024,192,0,0
Mar 2024,2795,0,0
Mar 2024,1073,0,0
Mar 2024,477,0,1
Mar 2024,1434,0,0
Mar 2024,265,0,0
Mar 2024,211,0,0
Mar 2024,117,0,0
Mar 2024,68,0,0
Mar 2024,249,0,0
Mar 2024,51,0,0
Mar 2024,4,0,0
Mar 2024,119,0,0
Mar 2024,28,0,0
Mar 2024,55,0,0
Mar 2024,1,0,0
Mar 2024,3,0,0
Mar 2024,11101,0,0
Mar 2024,19,0,0
Mar 2024,100,0,0
Mar 2024,0,0,0
Mar 2024,0,0,0
Mar 2024,94,0,0
Mar 2024,6,0,0
Mar 2024,2,0,0
Mar 2024,3,0,0
Mar 2024,1022,0,256
Mar 2024,134,0,59
Mar 2024,379,0,0
Mar 2024,463,0,0
Mar 2024,7,0,0
Mar 2024,0,0,0
Mar 2024,96,0,4
Mar 2024,100,0,0
Mar 2024,0,0,0
Mar 2024,0,0,0
Mar 2024,5,0,0
Mar 2024,1,4,0
Mar 2024,1,0,3
Mar 2024,0,0,2
Mar 2024,3,0,0
Mar 2024,17,0,0
Mar 2024,2,0,0
Mar 2024,11,0,0
Mar 2024,4,0,0
Mar 2024,6,0,0
Mar 2024,8,0,0
Mar 2024,39,0,0
Mar 2024,2,0,0
Mar 2024,2,0,0
Mar 2024,181,0,0
Mar 2024,0,0,0
Mar 2024,1771,0,205
Mar 2024,0,0,0
Mar 2024,100,0,0
Mar 2024,0,0,0
Mar 2024,0,0,0
Mar 2024,0,0,0
Avr 2024,477,0,0
Avr 2024,15,0,0
Avr 2024,332,0,108
Avr 2024,115,0,1
Avr 2024,172,0,0
Avr 2024,0,0,0
Avr 2024,51,0,0
Avr 2024,130,0,0
Avr 2024,28,0,0
Avr 2024,44,0,0
Avr 2024,124,0,0
Avr 2024,1517,0,12
Avr 2024,54,0,0
Avr 2024,445,0,0
Avr 2024,269,0,0
Avr 2024,5,0,0
Avr 2024,3,0,0
Avr 2024,5,0,0
Avr 2024,3,0,0
Avr 2024,165,0,0
Avr 2024,300,0,0
Avr 2024,20,0,0
Avr 2024,14,0,0
Avr 2024,7,0,0
Avr 2024,180,0,0
Avr 2024,1,0,0
Avr 2024,1,0,0
Avr 2024,3,0,1
Avr 2024,1,0,0
Avr 2024,7,0,0
Avr 2024,11,0,0
Avr 2024,0,0,0
Avr 2024,1702,0,0
Avr 2024,231,0,1
Avr 2024,320,0,0
Avr 2024,1,0,0
Avr 2024,264,0,0
Avr 2024,30,0,0
Avr 2024,19,0,0
Avr 2024,8,0,0
Avr 2024,286,0,0
Avr 2024,189,0,1
Avr 2024,593,0,4
Avr 2024,2629,0,0
Avr 2024,909,0,0
Avr 2024,162,0,0
Avr 2024,5,0,0
Avr 2024,27,0,0
Avr 2024,11,0,0
Avr 2024,1,0,0
Avr 2024,1,0,0
Avr 2024,11,0,0
Avr 2024,1,0,0
Avr 2024,4,0,0
Avr 2024,349,0,0
Avr 2024,571,0,1
Avr 2024,231,0,0
Avr 2024,49,0,0
Avr 2024,11,0,0
Avr 2024,45,0,0
Avr 2024,6723,0,0
Avr 2024,432,0,0
Avr 2024,216,0,0
Avr 2024,159,0,0
Avr 2024,94,0,0
Avr 2024,850,0,0
Avr 2024,335,0,0
Avr 2024,3,0,0
Avr 2024,186,0,165
Avr 2024,57,0,0
Avr 2024,41,0,0
Avr 2024,1,0,0
Avr 2024,0,0,0
Avr 2024,1042,0,261
Avr 2024,383,0,0
Avr 2024,15,0,0
Avr 2024,4502,0,0
Avr 2024,53,0,1
Avr 2024,633,0,0
Avr 2024,946,0,0
Avr 2024,529,0,0
Avr 2024,1321,0,0
Avr 2024,17,0,0
Avr 2024,296,0,0
Avr 2024,537,0,0
Avr 2024,97,0,3
Avr 2024,99,0,1
Avr 2024,1,0,0
Avr 2024,0,0,0
Avr 2024,1023,0,0
Avr 2024,367,0,0
Avr 2024,486,0,0
Avr 2024,10,0,0
Avr 2024,3,0,3
Avr 2024,0,0,0
Avr 2024,0,0,0
Avr 2024,42,0,0
Avr 2024,22,0,2
Avr 2024,0,0,0
Avr 2024,0,0,0
Avr 2024,92,0,8
Avr 2024,100,0,0
Avr 2024,0,0,0
Avr 2024,1545,0,0
Avr 2024,267,0,0
Avr 2024,375,0,0
Avr 2024,99,0,1
Avr 2024,10,8,0
Avr 2024,1,0,3
Avr 2024,0,0,2
Avr 2024,1,0,0
Avr 2024,1,0,0
Avr 2024,2,0,0
Avr 2024,8,0,0
Avr 2024,3,0,0
Avr 2024,7,0,0
Avr 2024,8,0,0
Avr 2024,2,0,0
Avr 2024,38,0,0
Avr 2024,2,0,0
Avr 2024,3,0,0
Avr 2024,2,0,0
Avr 2024,4,0,0
Avr 2024,4,0,0
Avr 2024,80,0,0
Avr 2024,0,0,0
Avr 2024,1870,0,164
Avr 2024,0,0,0
Avr 2024,100,0,0
Avr 2024,0,0,0
Avr 2024,0,0,0
Mai 2024,389,0,0
Mai 2024,9,0,0
Mai 2024,94,0,140
Mai 2024,4,0,1
Mai 2024,6,0,1
Mai 2024,0,0,0
Mai 2024,170,0,0
Mai 2024,0,0,0
Mai 2024,0,0,0
Mai 2024,14,0,0
Mai 2024,1437,0,40
Mai 2024,40,0,0
Mai 2024,416,0,0
Mai 2024,177,0,0
Mai 2024,15,0,2
Mai 2024,0,0,0
Mai 2024,163,0,0
Mai 2024,0,0,0
Mai 2024,1292,0,0
Mai 2024,192,0,2
Mai 2024,23,0,0
Mai 2024,1,0,0
Mai 2024,1,0,0
Mai 2024,1272,0,318
Mai 2024,1,0,0
Mai 2024,1,0,0
Mai 2024,97,0,0
Mai 2024,9,0,0
Mai 2024,53,0,0
Mai 2024,100,0,0
Mai 2024,195,0,0
Mai 2024,728,0,0
Mai 2024,177,0,0
Mai 2024,89,0,0
Mai 2024,92,0,0
Mai 2024,449,0,0
Mai 2024,482,0,0
Mai 2024,743,0,0
Mai 2024,287,0,0
Mai 2024,94,0,0
Mai 2024,138,0,0
Mai 2024,124,0,1
Mai 2024,181,0,0
Mai 2024,29,0,0
Mai 2024,26,0,0
Mai 2024,0,0,0
Mai 2024,56,0,0
Mai 2024,0,0,0
Mai 2024,0,0,0
Mai 2024,0,0,0
Mai 2024,0,0,0
Mai 2024,0,0,0
Mai 2024,5,0,0
Mai 2024,441,0,54
Mai 2024,0,0,0
Mai 2024,53,0,0
Mai 2024,3,0,1
Mai 2024,100,0,0
Mai 2024,0,0,0
Mai 2024,1152,0,0
Mai 2024,347,0,0
Mai 2024,449,0,0
Mai 2024,1568,0,0
Mai 2024,191,0,9
Mai 2024,19,0,0
Mai 2024,115,0,0
Mai 2024,100,0,0
Mai 2024,478,0,5
Mai 2024,442,0,0
Mai 2024,3,0,0
Mai 2024,2,0,0
Mai 2024,13,0,0
Mai 2024,5,0,0
Mai 2024,149,0,0
Mai 2024,276,0,0
Mai 2024,7,0,0
Mai 2024,7,0,0
Mai 2024,2329,0,0
Mai 2024,1090,0,0
Mai 2024,804,0,0
Mai 2024,230,0,0
Mai 2024,203,0,0
Mai 2024,148,0,1
Mai 2024,566,0,0
Mai 2024,326,0,0
Mai 2024,323,0,0
Mai 2024,2,0,0
Mai 2024,250,0,0
Mai 2024,4,0,0
Mai 2024,13,0,0
Mai 2024,10,0,0
Mai 2024,3,0,1
Mai 2024,5,0,0
Mai 2024,40,0,0
Mai 2024,3,0,0
Mai 2024,2,0,0
Mai 2024,4,0,0
Mai 2024,3,0,0
Mai 2024,3,0,0
Mai 2024,1,0,0
Mai 2024,3263,0,2
Mai 2024,0,0,0
Mai 2024,0,0,0
Mai 2024,97,0,3
Mai 2024,836,0,1
Mai 2024,100,0,10
Mai 2024,23,0,0
Mai 2024,8281,0,0
Mai 2024,0,0,0
Mai 2024,268,0,0
Mai 2024,12,0,0
Mai 2024,2,0,0
Mai 2024,373,0,0
Mai 2024,3,0,0
Mai 2024,1,2,0
Mai 2024,2,0,3
Mai 2024,0,0,2
Mai 2024,3,0,0
Mai 2024,13,0,0
Mai 2024,1,0,0
Mai 2024,9,0,0
Mai 2024,5,0,0
Mai 2024,1,0,0
Mai 2024,42,0,0
Mai 2024,1,0,0
Mai 2024,1,0,0
Mai 2024,3,0,0
Mai 2024,4,0,0
Mai 2024,92,0,0
Mai 2024,2452,0,260
Mai 2024,0,0,0
Mai 2024,0,0,0
Mai 2024,100,0,0
Mai 2024,1,0,0
Jui 2024,374,0,0
Jui 2024,50,0,0
Jui 2024,3,0,1
Jui 2024,14,0,0
Jui 2024,1,0,0
Jui 2024,1,0,0
Jui 2024,1,0,0
Jui 2024,92,0,0
Jui 2024,119,0,113
Jui 2024,8,0,0
Jui 2024,7,0,0
Jui 2024,1,0,0
Jui 2024,0,0,0
Jui 2024,9,0,0
Jui 2024,18,0,0
Jui 2024,1,0,0
Jui 2024,37,0,0
Jui 2024,130,0,0
Jui 2024,291,0,0
Jui 2024,3,0,0
Jui 2024,187,0,5
Jui 2024,2314,0,0
Jui 2024,8,0,0
Jui 2024,199,0,0
Jui 2024,543,0,0
Jui 2024,4,0,0
Jui 2024,60,0,0
Jui 2024,1,0,0
Jui 2024,154,0,0
Jui 2024,251,0,0
Jui 2024,5,0,0
Jui 2024,0,0,0
Jui 2024,4,0,0
Jui 2024,3,0,0
Jui 2024,5,0,0
Jui 2024,43,0,0
Jui 2024,573,0,0
Jui 2024,269,0,0
Jui 2024,2,0,1
Jui 2024,2047,0,537
Jui 2024,1,0,0
Jui 2024,3892,0,7
Jui 2024,1269,0,0
Jui 2024,200,0,0
Jui 2024,17,0,0
Jui 2024,1,0,0
Jui 2024,1,0,0
Jui 2024,1,0,0
Jui 2024,152,0,0
Jui 2024,227,0,0
Jui 2024,74,0,1
Jui 2024,4,0,0
Jui 2024,3,0,0
Jui 2024,0,0,0
Jui 2024,841,0,0
Jui 2024,2,0,0
Jui 2024,14,0,0
Jui 2024,1,0,1
Jui 2024,167,0,0
Jui 2024,331,0,0
Jui 2024,281,0,0
Jui 2024,28,0,0
Jui 2024,918,0,0
Jui 2024,100,0,0
Jui 2024,546,0,6
Jui 2024,97,0,3
Jui 2024,46,0,0
Jui 2024,218,0,0
Jui 2024,59,0,0
Jui 2024,5,0,0
Jui 2024,7216,0,0
Jui 2024,14,0,0
Jui 2024,1,0,0
Jui 2024,126,0,0
Jui 2024,17,0,0
Jui 2024,51,0,0
Jui 2024,2844,0,0
Jui 2024,158,0,0
Jui 2024,1,0,0
Jui 2024,0,0,0
Jui 2024,359,0,0
Jui 2024,1,0,0
Jui 2024,18,0,0
Jui 2024,7,0,0
Jui 2024,1693,0,19
Jui 2024,3,0,0
Jui 2024,6,0,0
Jui 2024,1,0,0
Jui 2024,4,0,0
Jui 2024,4,0,0
Jui 2024,1,0,0
Jui 2024,2,0,0
Jui 2024,1564,0,0
Jui 2024,594,0,1
Jui 2024,1459,0,0
Jui 2024,879,0,0
Jui 2024,219,0,0
Jui 2024,206,0,0
Jui 2024,236,0,0
Jui 2024,0,0,0
Jui 2024,2,0,0
Jui 2024,9,0,0
Jui 2024,5,0,0
Jui 2024,1,0,0
Jui 2024,29,0,0
Jui 2024,100,0,0
Jui 2024,123,0,0
Jui 2024,3,0,0
Jui 2024,2,0,0
Jui 2024,2,0,0
Jui 2024,2,0,0
Jui 2024,0,0,0
Jui 2024,0,0,0
Jui 2024,0,0,0
Jui 2024,813,0,0
Jui 2024,0,0,0
Jui 2024,0,0,0
Jui 2024,0,0,0
Jui 2024,1200,0,3
Jui 2024,550,0,0
Jui 2024,342,0,0
Jui 2024,548,0,2
Jui 2024,94,0,0
Jui 2024,0,0,0
Jui 2024,345,0,0
Jui 2024,416,0,0
Jui 2024,362,0,0
Jui 2024,1080,0,0
Jui 2024,2958,0,104
Jui 2024,0,0,0
Jui 2024,0,0,0
Jui 2024,100,0,0
Jui 2024,0,0,0
Jui 2024,0,0,0
Jui 2024,0,0,0
Juil 2024,227,0,0
Juil 2024,37,0,0
Juil 2024,3,0,3
Juil 2024,0,0,0
Juil 2024,3,0,0
Juil 2024,153,0,0
Juil 2024,1,0,0
Juil 2024,14,0,0
Juil 2024,11,0,0
Juil 2024,7,0,0
Juil 2024,542,0,0
Juil 2024,51,0,0
Juil 2024,538,0,0
Juil 2024,282,0,0
Juil 2024,100,0,5
Juil 2024,80,0,0
Juil 2024,22,0,0
Juil 2024,39,0,0
Juil 2024,1,0,0
Juil 2024,320,0,0
Juil 2024,237,0,0
Juil 2024,100,0,0
Juil 2024,10,0,0
Juil 2024,0,0,0
Juil 2024,730,0,0
Juil 2024,9,0,0
Juil 2024,172,0,0
Juil 2024,4,0,0
Juil 2024,4,0,0
Juil 2024,10,0,0
Juil 2024,6,0,0
Juil 2024,4,0,0
Juil 2024,17,0,0
Juil 2024,581,0,0
Juil 2024,1,0,0
Juil 2024,89,0,176
Juil 2024,192,0,0
Juil 2024,2397,0,0
Juil 2024,8,0,1
Juil 2024,112,0,0
Juil 2024,100,0,0
Juil 2024,3,0,0
Juil 2024,100,0,0
Juil 2024,58,0,0
Juil 2024,100,0,0
Juil 2024,100,0,0
Juil 2024,100,0,0
Juil 2024,100,0,0
Juil 2024,100,0,0
Juil 2024,100,0,0
Juil 2024,224,0,0
Juil 2024,1730,0,28
Juil 2024,433,0,0
Juil 2024,77,0,0
Juil 2024,3,0,0
Juil 2024,23,0,0
Juil 2024,4,0,0
Juil 2024,3,0,0
Juil 2024,3,0,0
Juil 2024,12,0,0
Juil 2024,1,0,0
Juil 2024,1,0,0
Juil 2024,1,0,0
Juil 2024,0,0,0
Juil 2024,0,0,0
Juil 2024,0,0,0
Juil 2024,1,0,0
Juil 2024,2073,0,31
Juil 2024,302,0,7
Juil 2024,0,0,0
Juil 2024,3311,0,0
Juil 2024,668,0,0
Juil 2024,221,0,0
Juil 2024,3583,0,0
Juil 2024,1,0,0
Juil 2024,1,0,0
Juil 2024,0,0,0
Juil 2024,321,0,0
Juil 2024,21,0,0
Juil 2024,15,0,0
Juil 2024,10,0,0
Juil 2024,394,0,0
Juil 2024,100,0,0
Juil 2024,561,0,0
Juil 2024,2558,0,0
Juil 2024,11,0,0
Juil 2024,1086,0,0
Juil 2024,0,0,0
Juil 2024,0,0,0
Juil 2024,0,0,0
Juil 2024,306,0,0
Juil 2024,789,0,0
Juil 2024,518,0,0
Juil 2024,1,0,0
Juil 2024,288,0,0
Juil 2024,583,0,0
Juil 2024,89,0,0
Juil 2024,407,0,0
Juil 2024,380,0,0
Juil 2024,858,0,0
Juil 2024,1458,0,365
Juil 2024,198,0,0
Juil 2024,0,0,0
Juil 2024,89,0,11
Juil 2024,85,0,0
Juil 2024,1,0,0
Juil 2024,1,0,0
Juil 2024,1,0,0
Juil 2024,1,0,0
Juil 2024,0,0,0
Juil 2024,175,0,1
Juil 2024,0,0,0
Juil 2024,0,0,0
Juil 2024,1627,0,0
Juil 2024,7,0,0
Juil 2024,754,0,0
Juil 2024,755,0,0
Juil 2024,216,0,0
Juil 2024,151,0,0
Juil 2024,0,0,0
Juil 2024,28,0,0
Juil 2024,98,0,2
Juil 2024,100,0,0
Juil 2024,100,0,0
Juil 2024,0,0,0
Juil 2024,5415,0,17
Juil 2024,0,0,0
Juil 2024,100,0,0
Juil 2024,7,0,0
Juil 2024,9,0,0
Juil 2024,2,0,2
Juil 2024,5,2,1
Juil 2024,4,0,2
Juil 2024,0,0,0
Juil 2024,0,0,0
Juil 2024,2,0,0
Juil 2024,11,0,2
Juil 2024,7,0,7
Juil 2024,3,0,0
Juil 2024,3,0,0
Juil 2024,21,0,0
Juil 2024,0,0,0
Juil 2024,1,0,0
Juil 2024,6,0,0
Aou 2024,1,0,0
Aou 2024,1,0,0
Aou 2024,3,0,1
Aou 2024,298,0,2
Aou 2024,15,0,0
Aou 2024,480,0,6
Aou 2024,9,0,0
Aou 2024,1,0,0
Aou 2024,0,0,0
Aou 2024,100,0,0
Aou 2024,28,0,0
Aou 2024,376,0,0
Aou 2024,190,0,0
Aou 2024,48,0,0
Aou 2024,0,0,0
Aou 2024,66,0,0
Aou 2024,806,0,0
Aou 2024,540,0,0
Aou 2024,71,0,0
Aou 2024,986,0,14
Aou 2024,126,0,18
Aou 2024,3,0,0
Aou 2024,30,0,0
Aou 2024,97,0,5
Aou 2024,4,0,0
Aou 2024,138,0,0
Aou 2024,1,0,0
Aou 2024,0,0,0
Aou 2024,424,0,0
Aou 2024,13,0,0
Aou 2024,8,0,0
Aou 2024,3,0,0
Aou 2024,4,0,0
Aou 2024,3,0,0
Aou 2024,1,0,0
Aou 2024,1,0,0
Aou 2024,1,0,0
Aou 2024,1,0,0
Aou 2024,1,0,0
Aou 2024,1,0,0
Aou 2024,361,0,0
Aou 2024,127,0,0
Aou 2024,9,0,0
Aou 2024,100,0,0
Aou 2024,1,0,0
Aou 2024,100,0,0
Aou 2024,11250,0,0
Aou 2024,100,0,0
Aou 2024,100,0,0
Aou 2024,100,0,0
Aou 2024,100,0,0
Aou 2024,0,0,0
Aou 2024,3,0,0
Aou 2024,50,0,82
Aou 2024,1358,0,114
Aou 2024,28,0,0
Aou 2024,499,0,0
Aou 2024,542,0,0
Aou 2024,370,0,0
Aou 2024,100,0,0
Aou 2024,100,0,0
Aou 2024,114,0,0
Aou 2024,0,0,0
Aou 2024,2,0,0
Aou 2024,0,0,0
Aou 2024,0,0,0
Aou 2024,75,0,0
Aou 2024,138,0,0
Aou 2024,696,0,0
Aou 2024,258,0,0
Aou 2024,73,0,0
Aou 2024,132,0,0
Aou 2024,108,0,0
Aou 2024,1102,0,0
Aou 2024,931,0,0
Aou 2024,37,0,0
Aou 2024,11,0,0
Aou 2024,29,0,0
Aou 2024,35,0,0
Aou 2024,649,0,0
Aou 2024,100,0,0
Aou 2024,100,0,0
Aou 2024,12,0,0
Aou 2024,84,0,0
Aou 2024,61,0,0
Aou 2024,20,0,0
Aou 2024,0,0,0
Aou 2024,1240,0,0
Aou 2024,124,0,1
Aou 2024,9,0,0
Aou 2024,105,0,0
Aou 2024,106,0,0
Aou 2024,30,0,0
Aou 2024,6,0,0
Aou 2024,72,0,0
Aou 2024,68,0,0
Aou 2024,7,0,1
Aou 2024,36,0,0
Aou 2024,55,0,0
Aou 2024,32,0,0
Aou 2024,37,0,0
Aou 2024,114,0,0
Aou 2024,512,0,0
Aou 2024,24,0,0
Aou 2024,108,0,2
Aou 2024,0,0,0
Aou 2024,100,0,0
Aou 2024,0,0,0
Aou 2024,0,0,0
Aou 2024,0,0,0
Aou 2024,291,0,0
Aou 2024,356,0,0
Aou 2024,115,0,0
Aou 2024,6,0,0
Aou 2024,8077,0,0
Aou 2024,8,0,0
Aou 2024,137,0,0
Aou 2024,573,0,0
Aou 2024,30,0,0
Aou 2024,45,0,0
Aou 2024,9,0,0
Aou 2024,0,0,0
Aou 2024,30,0,0
Aou 2024,7,0,0
Aou 2024,4,0,0
Aou 2024,4,0,0
Aou 2024,6,0,0
Aou 2024,3,0,0
Aou 2024,3823,0,41
Aou 2024,77,0,0
Aou 2024,1,0,0
Aou 2024,0,0,0
Aou 2024,0,0,0
Aou 2024,76,0,0
Aou 2024,401,0,0
Aou 2024,525,0,0
Aou 2024,281,0,0
Aou 2024,195,0,0
Aou 2024,38,0,0
Aou 2024,100,0,0
Aou 2024,100,0,0
Aou 2024,9,0,0
Aou 2024,2,0,0
Aou 2024,4,0,0
Aou 2024,1,0,1
Aou 2024,1,0,0
Aou 2024,2,0,0
Aou 2024,7,0,2
Aou 2024,5,0,0
Aou 2024,0,0,0
Aou 2024,71,0,0
Aou 2024,0,0,0
Aou 2024,0,0,0
Aou 2024,1,0,0
Aou 2024,2,0,0
Aou 2024,5,0,0
Sep 2024,1,0,0
Sep 2024,1,0,0
Sep 2024,4,0,1
Sep 2024,2385,0,5
Sep 2024,4,0,0
Sep 2024,12,0,0
Sep 2024,100,0,0
Sep 2024,12,0,0
Sep 2024,100,0,0
Sep 2024,0,0,0
Sep 2024,426,0,0
Sep 2024,21,0,0
Sep 2024,12,0,0
Sep 2024,6,0,0
Sep 2024,0,0,0
Sep 2024,0,0,0
Sep 2024,1229,0,0
Sep 2024,100,0,0
Sep 2024,548,0,0
Sep 2024,1245,0,0
Sep 2024,223,0,0
Sep 2024,47,0,0
Sep 2024,212,0,0
Sep 2024,505,0,0
Sep 2024,19,0,0
Sep 2024,41,0,0
Sep 2024,2053,0,0
Sep 2024,1,0,0
Sep 2024,1,0,0
Sep 2024,1,0,0
Sep 2024,1,0,0
Sep 2024,1,0,0
Sep 2024,1,0,0
Sep 2024,2257,0,25
Sep 2024,100,0,0
Sep 2024,66,0,0
Sep 2024,100,0,0
Sep 2024,3,0,1
Sep 2024,100,0,0
Sep 2024,183,0,0
Sep 2024,201,0,0
Sep 2024,415,0,0
Sep 2024,232,0,57
Sep 2024,99,0,1
Sep 2024,1267,0,0
Sep 2024,17,0,0
Sep 2024,0,0,0
Sep 2024,669,0,0
Sep 2024,1,0,0
Sep 2024,3,0,0
Sep 2024,1064,0,44
Sep 2024,100,0,0
Sep 2024,0,0,0
Sep 2024,760,0,0
Sep 2024,326,0,0
Sep 2024,93,0,0
Sep 2024,18,0,0
Sep 2024,1,0,0
Sep 2024,16,0,3
Sep 2024,5,0,0
Sep 2024,659,0,0
Sep 2024,100,0,0
Sep 2024,100,0,0
Sep 2024,100,0,0
Sep 2024,100,0,0
Sep 2024,100,0,0
Sep 2024,0,0,0
Sep 2024,0,0,0
Sep 2024,0,0,0
Sep 2024,1,0,0
Sep 2024,1,0,0
Sep 2024,0,0,0
Sep 2024,3043,0,0
Sep 2024,38,0,0
Sep 2024,264,0,0
Sep 2024,21,0,0
Sep 2024,88,0,0
Sep 2024,54,0,0
Sep 2024,335,0,0
Sep 2024,223,0,0
Sep 2024,4,0,2
Sep 2024,556,0,0
Sep 2024,846,0,0
Sep 2024,113,0,0
Sep 2024,159,0,0
Sep 2024,49,0,0
Sep 2024,47,0,0
Sep 2024,90,0,0
Sep 2024,220,0,0
Sep 2024,330,0,0
Sep 2024,80,0,0
Sep 2024,3,0,0
Sep 2024,26,0,0
Sep 2024,29,0,0
Sep 2024,86,0,0
Sep 2024,59,0,0
Sep 2024,57,0,0
Sep 2024,76,0,0
Sep 2024,221,0,0
Sep 2024,777,0,0
Sep 2024,1109,0,0
Sep 2024,5,0,1
Sep 2024,1264,0,316
Sep 2024,100,0,0
Sep 2024,100,0,0
Sep 2024,99,0,1
Sep 2024,100,0,0
Sep 2024,216,0,0
Sep 2024,3,0,0
Sep 2024,5,0,0
Sep 2024,193,0,5
Sep 2024,394,0,1
Sep 2024,426,0,0
Sep 2024,227,0,0
Sep 2024,4,0,0
Sep 2024,25,0,0
Sep 2024,12,0,0
Sep 2024,6,0,0
Sep 2024,3,0,0
Sep 2024,5,0,0
Sep 2024,9,0,0
Sep 2024,1,0,0
Sep 2024,4,0,0
Sep 2024,187,0,14
Sep 2024,0,0,0
Sep 2024,0,0,0
Sep 2024,1,0,0
Sep 2024,0,0,0
Sep 2024,10,0,0
Sep 2024,1246,0,0
Sep 2024,1000,0,0
Sep 2024,169,0,0
Sep 2024,124,0,0
Sep 2024,929,0,0
Sep 2024,458,0,0
Sep 2024,82,0,0
Sep 2024,6756,0,0
Sep 2024,5,0,0
Sep 2024,6,0,0
Sep 2024,6,2,1
Sep 2024,2,0,0
Sep 2024,2,0,0
Sep 2024,922,0,0
Sep 2024,10,0,1
Sep 2024,2,0,7
Sep 2024,268,0,0
Sep 2024,826,0,0
Sep 2024,4,0,0
Sep 2024,1,0,0
Sep 2024,3,0,0
Sep 2024,0,0,0
Sep 2024,620,0,0
Sep 2024,115,0,0
Sep 2024,0,0,0
Sep 2024,0,0,0
Sep 2024,0,0,0
Sep 2024,0,0,0
Sep 2024,2,0,0
Sep 2024,830,0,170
Sep 2024,1,0,0
Sep 2024,26,0,0
Sep 2024,2,0,0
Sep 2024,280,0,2
Oct 2024,8,0,0
Oct 2024,4,0,0
Oct 2024,0,0,0
Oct 2024,1,0,0
Oct 2024,10,0,0
Oct 2024,4,0,0
Oct 2024,586,0,0
Oct 2024,452,0,0
Oct 2024,523,0,0
Oct 2024,0,0,0
Oct 2024,5,0,0
Oct 2024,7,0,0
Oct 2024,4,0,0
Oct 2024,306,0,0
Oct 2024,17,0,0
Oct 2024,10,0,0
Oct 2024,1493,0,0
Oct 2024,662,0,0
Oct 2024,62,0,0
Oct 2024,5,0,0
Oct 2024,336,0,0
Oct 2024,0,0,0
Oct 2024,85,0,0
Oct 2024,267,0,0
Oct 2024,47,0,0
Oct 2024,15,0,0
Oct 2024,1470,0,0
Oct 2024,10,0,0
Oct 2024,1,0,0
Oct 2024,21,0,2
Oct 2024,1364,0,0
Oct 2024,100,0,0
Oct 2024,1471,0,0
Oct 2024,526,0,0
Oct 2024,23,0,0
Oct 2024,746,0,0
Oct 2024,301,0,0
Oct 2024,237,0,126
Oct 2024,5,0,0
Oct 2024,9,0,0
Oct 2024,18,0,0
Oct 2024,7,0,0
Oct 2024,8,0,0
Oct 2024,71,0,0
Oct 2024,245,0,0
Oct 2024,306,0,3
Oct 2024,100,0,0
Oct 2024,1458,0,13
Oct 2024,3,0,1
Oct 2024,0,0,0
Oct 2024,0,0,0
Oct 2024,0,0,0
Oct 2024,0,0,0
Oct 2024,2342,0,23
Oct 2024,95,0,0
Oct 2024,100,0,0
Oct 2024,89,0,0
Oct 2024,205,0,0
Oct 2024,455,0,0
Oct 2024,921,0,0
Oct 2024,11,0,0
Oct 2024,0,0,0
Oct 2024,2621,0,0
Oct 2024,123,0,0
Oct 2024,880,0,0
Oct 2024,97,0,3
Oct 2024,0,0,0
Oct 2024,0,0,0
Oct 2024,0,0,0
Oct 2024,0,0,0
Oct 2024,30,0,0
Oct 2024,62,0,0
Oct 2024,11906,0,0
Oct 2024,12,0,0
Oct 2024,9,0,0
Oct 2024,4,0,0
Oct 2024,316,0,0
Oct 2024,166,0,0
Oct 2024,773,0,2
Oct 2024,90,0,0
Oct 2024,0,0,0
Oct 2024,5,0,0
Oct 2024,169,0,0
Oct 2024,0,0,0
Oct 2024,2622,0,0
Oct 2024,1487,0,0
Oct 2024,0,0,0
Oct 2024,930,0,0
Oct 2024,2108,0,527
Oct 2024,160,0,0
Oct 2024,74,0,0
Oct 2024,65,0,0
Oct 2024,91,0,0
Oct 2024,4,0,0
Oct 2024,192,0,0
Oct 2024,122,0,0
Oct 2024,71,0,0
Oct 2024,3,0,0
Oct 2024,1,0,0
Oct 2024,24,0,0
Oct 2024,44,0,0
Oct 2024,1,0,0
Oct 2024,1,0,0
Oct 2024,95,0,0
Oct 2024,62,0,0
Oct 2024,49,0,0
Oct 2024,77,0,0
Oct 2024,1,0,0
Oct 2024,1,0,0
Oct 2024,204,0,0
Oct 2024,1,0,0
Oct 2024,1011,0,0
Oct 2024,1,0,0
Oct 2024,100,0,0
Oct 2024,100,0,0
Oct 2024,100,0,0
Oct 2024,220,0,0
Oct 2024,3230,0,63
Oct 2024,2,0,0
Oct 2024,34,0,0
Oct 2024,4,0,0
Oct 2024,4,0,0
Oct 2024,3,0,0
Oct 2024,3,0,0
Oct 2024,3,0,0
Oct 2024,1,0,0
Oct 2024,481,0,0
Oct 2024,100,0,0
Oct 2024,100,0,0
Oct 2024,100,0,0
Oct 2024,0,0,0
Oct 2024,0,0,0
Oct 2024,1,0,0
Oct 2024,69,0,0
Oct 2024,684,0,0
Oct 2024,684,0,0
Oct 2024,130,0,0
Oct 2024,11,0,0
Oct 2024,4,0,1
Oct 2024,2,0,0
Oct 2024,0,0,0
Oct 2024,11436,0,35
Oct 2024,0,0,0
Oct 2024,15,0,0
Oct 2024,1,0,0
Oct 2024,2,0,0
Oct 2024,3,0,0
Oct 2024,2,0,0
Oct 2024,2,0,0
Oct 2024,1,0,0
Oct 2024,4,0,1
Oct 2024,7,0,0
Oct 2024,1,0,0
Oct 2024,96,0,16
Oct 2024,674,0,0
Oct 2024,16,0,0
Oct 2024,3,0,0
Oct 2024,69,0,0
Oct 2024,99,0,0
Oct 2024,0,0,0
Oct 2024,300,0,5
Oct 2024,318,0,0
Oct 2024,391,0,0
Oct 2024,0,0,0
Oct 2024,32,0,0
Oct 2024,1976,0,0
Oct 2024,1084,0,0
Oct 2024,69,0,0
Oct 2024,244,0,0
Oct 2024,195,0,0
Nov 2024,9,0,0
Nov 2024,4,0,0
Nov 2024,0,0,0
Nov 2024,0,0,0
Nov 2024,1,0,0
Nov 2024,1,0,0
Nov 2024,15,0,0
Nov 2024,1,0,0
Nov 2024,64,0,0
Nov 2024,9,0,0
Nov 2024,59,0,0
Nov 2024,8,0,0
Nov 2024,6,0,0
Nov 2024,5,0,0
Nov 2024,22,0,0
Nov 2024,10,0,0
Nov 2024,14,0,0
Nov 2024,9,0,0
Nov 2024,1239,0,0
Nov 2024,10,0,0
Nov 2024,18,0,2
Nov 2024,4,0,0
Nov 2024,1,0,0
Nov 2024,18,0,0
Nov 2024,1051,0,0
Nov 2024,19,0,0
Nov 2024,649,0,0
Nov 2024,290,0,0
Nov 2024,2352,0,0
Nov 2024,1173,0,5
Nov 2024,59,0,0
Nov 2024,179,0,0
Nov 2024,2989,0,16
Nov 2024,1826,0,63
Nov 2024,49,0,3
Nov 2024,0,0,0
Nov 2024,363,0,0
Nov 2024,21,0,0
Nov 2024,24,0,0
Nov 2024,12,0,0
Nov 2024,2,0,2
Nov 2024,0,0,0
Nov 2024,588,0,12
Nov 2024,100,0,0
Nov 2024,100,0,0
Nov 2024,5169,0,64
Nov 2024,0,0,0
Nov 2024,4,0,0
Nov 2024,8,0,0
Nov 2024,7,0,0
Nov 2024,3,0,0
Nov 2024,54,0,0
Nov 2024,21,0,0
Nov 2024,101,0,0
Nov 2024,2,0,3
Nov 2024,145,0,99
Nov 2024,1783,0,4
Nov 2024,0,0,0
Nov 2024,0,0,0
Nov 2024,0,0,0
Nov 2024,1,0,0
Nov 2024,10,0,0
Nov 2024,211,0,0
Nov 2024,5,0,0
Nov 2024,0,0,0
Nov 2024,0,0,0
Nov 2024,0,0,0
Nov 2024,100,0,0
Nov 2024,1,0,0
Nov 2024,100,0,0
Nov 2024,0,0,0
Nov 2024,100,0,0
Nov 2024,1183,0,27
Nov 2024,552,0,2
Nov 2024,321,0,0
Nov 2024,66,0,0
Nov 2024,100,0,0
Nov 2024,124,0,0
Nov 2024,0,0,0
Nov 2024,0,0,0
Nov 2024,7,0,0
Nov 2024,47,0,0
Nov 2024,365,0,0
Nov 2024,811,0,0
Nov 2024,4,0,0
Nov 2024,531,0,0
Nov 2024,802,0,0
Nov 2024,19,0,0
Nov 2024,2834,0,0
Nov 2024,100,0,0
Nov 2024,100,0,0
Nov 2024,100,0,0
Nov 2024,100,0,0
Nov 2024,81,0,0
Nov 2024,231,0,0
Nov 2024,54,0,2
Nov 2024,556,0,0
Nov 2024,1,0,0
Nov 2024,1,0,0
Nov 2024,1,0,0
Nov 2024,3,0,0
Nov 2024,1,0,0
Nov 2024,1,0,0
Nov 2024,1,0,0
Nov 2024,1,0,0
Nov 2024,1,0,0
Nov 2024,1,0,0
Nov 2024,1,0,0
Nov 2024,1,0,0
Nov 2024,11,0,0
Nov 2024,4,0,1
Nov 2024,2,0,0
Nov 2024,3,0,0
Nov 2024,2,0,0
Nov 2024,2,0,0
Nov 2024,2,0,0
Nov 2024,2,0,0
Nov 2024,2,0,0
Nov 2024,2,0,0
Nov 2024,100,0,0
Nov 2024,5,0,0
Nov 2024,11617,0,0
Nov 2024,48,0,72
Nov 2024,9,0,0
Nov 2024,3,0,0
Nov 2024,78,0,0
Nov 2024,1,0,0
Nov 2024,426,0,0
Nov 2024,798,0,0
Nov 2024,715,0,0
Nov 2024,671,0,0
Nov 2024,0,0,0
Nov 2024,300,0,4
Nov 2024,98,0,0
Nov 2024,377,0,0
Nov 2024,96,0,0
Nov 2024,283,0,0
Nov 2024,930,0,0
Nov 2024,992,0,247
Nov 2024,0,0,0
Nov 2024,148,0,0
Nov 2024,432,0,0
Nov 2024,69,0,0
Nov 2024,82,0,0
Nov 2024,79,0,0
Nov 2024,11,0,0
Nov 2024,189,0,0
Nov 2024,115,0,0
Nov 2024,69,0,0
Nov 2024,26,0,0
Nov 2024,42,0,0
Nov 2024,94,0,0
Nov 2024,48,0,0
Nov 2024,204,0,0
Nov 2024,436,0,0
Nov 2024,30,0,0
Nov 2024,1779,0,0
Nov 2024,878,0,0
Nov 2024,58,0,0
Nov 2024,207,0,0
Nov 2024,188,0,0
Nov 2024,0,0,0
Fev 2022,2,0,0
Fev 2022,3,0,0
Fev 2022,3,0,0
Fev 2022,1,0,0
Fev 2022,1,0,0
Fev 2022,48,0,0
Fev 2022,5,0,0
Fev 2022,11,0,0
Fev 2022,2,0,0
Fev 2022,1,0,0
Fev 2022,1,0,0
Fev 2022,3,0,0
Fev 2022,206,0,0
Fev 2022,458,0,12
Fev 2022,1774,0,1
Fev 2022,1,0,0
Fev 2022,4,0,0
Fev 2022,3,0,0
Fev 2022,7290,0,0
Fev 2022,867,0,0
Fev 2022,9,0,0
Fev 2022,51,0,0
Fev 2022,751,0,1
Fev 2022,160,0,0
Fev 2022,175,0,0
Fev 2022,20,0,0
Fev 2022,3,0,0
Fev 2022,34,0,0
Fev 2022,10,0,0
Fev 2022,3,0,0
Fev 2022,6,0,0
Fev 2022,2,0,0
Fev 2022,103,0,1
Fev 2022,1230,0,0
Fev 2022,1,0,0
Fev 2022,1,0,0
Fev 2022,28,0,0
Fev 2022,100,0,0
Fev 2022,100,0,0
Fev 2022,100,0,0
Fev 2022,100,0,0
Fev 2022,100,0,0
Fev 2022,100,0,0
Fev 2022,100,0,0
Fev 2022,100,0,0
Fev 2022,100,0,0
Fev 2022,100,0,0
Fev 2022,100,0,0
Fev 2022,100,0,0
Fev 2022,1,0,0
Fev 2022,60,0,0
Fev 2022,54,0,0
Fev 2022,71,0,0
Fev 2022,442,0,0
Fev 2022,35,0,0
Fev 2022,20,0,0
Fev 2022,67,0,0
Fev 2022,8,0,0
Fev 2022,7,0,0
Fev 2022,10,0,0
Fev 2022,3,0,0
Fev 2022,153,0,0
Fev 2022,7,0,0
Fev 2022,11,0,0
Fev 2022,276,0,0
Fev 2022,896,0,0
Fev 2022,73,0,0
Fev 2022,45,0,0
Fev 2022,141,0,0
Fev 2022,680,0,18
Fev 2022,252,0,0
Fev 2022,213,0,0
Fev 2022,1,0,0
Fev 2022,1,0,0
Fev 2022,220,0,0
Fev 2022,124,0,0
Fev 2022,65,0,0
Fev 2022,1,0,0
Fev 2022,2,0,0
Fev 2022,33,0,0
Fev 2022,7,0,0
Fev 2022,1,0,0
Fev 2022,5,0,0
Fev 2022,2,0,0
Fev 2022,5,0,0
Fev 2022,1,0,0
Fev 2022,148,0,0
Fev 2022,2,0,0
Fev 2022,40,0,0
Fev 2022,9,0,0
Fev 2022,61,0,0
Fev 2022,20,0,0
Fev 2022,40,0,0
Fev 2022,255,0,0
Fev 2022,408,0,0
Fev 2022,52,0,0
Fev 2022,12,0,0
Fev 2022,8,0,0
Fev 2022,1,0,0
Fev 2022,25,0,0
Fev 2022,14,0,0
Fev 2022,4,0,0
Fev 2022,2,0,0
Fev 2022,1,0,0
Fev 2022,31,0,1
Fev 2022,2,0,0
Fev 2022,5,0,0
Fev 2022,12,0,0
Fev 2022,100,0,0
Fev 2022,100,0,0
Fev 2022,100,0,0
Fev 2022,5,0,0
Fev 2022,2,0,0
Fev 2022,1,0,0
Fev 2022,1,0,0
Fev 2022,1,0,0
Fev 2022,6,0,0
Fev 2022,1,0,0
Fev 2022,15,0,0
Fev 2022,1,0,0
Fev 2022,6,0,0
Fev 2022,748,0,10
Fev 2022,36,0,0
Fev 2022,0,0,1
Fev 2022,379,0,0
Fev 2022,315,0,0
Fev 2022,6,0,0
Fev 2022,0,0,0
Mar 2022,286,0,2
Mar 2022,4,0,0
Mar 2022,0,0,0
Mar 2022,111,0,0
Mar 2022,1,0,0
Mar 2022,69,0,0
Mar 2022,114,0,0
Mar 2022,264,0,0
Mar 2022,239,0,0
Mar 2022,0,0,0
Mar 2022,2301,0,0
Mar 2022,4,0,0
Mar 2022,4,0,0
Mar 2022,3,0,0
Mar 2022,1,0,0
Mar 2022,6,0,0
Mar 2022,23,0,0
Mar 2022,1,0,0
Mar 2022,1,0,0
Mar 2022,12,0,0
Mar 2022,15,0,0
Mar 2022,4,0,1
Mar 2022,278,0,0
Mar 2022,5,0,0
Mar 2022,6,0,0
Mar 2022,160,0,0
Mar 2022,7,0,0
Mar 2022,5,0,0
Mar 2022,4,0,0
Mar 2022,5,0,0
Mar 2022,3,0,0
Mar 2022,6,0,0
Mar 2022,3,0,0
Mar 2022,523,0,27
Mar 2022,4,0,0
Mar 2022,1,0,0
Mar 2022,826,0,0
Mar 2022,190,0,0
Mar 2022,179,0,0
Mar 2022,25,0,0
Mar 2022,6,0,0
Mar 2022,867,0,0
Mar 2022,59,0,0
Mar 2022,14,0,0
Mar 2022,1489,0,0
Mar 2022,1,0,0
Mar 2022,1,0,0
Mar 2022,10,0,0
Mar 2022,36,0,0
Mar 2022,50,0,0
Mar 2022,5,0,0
Mar 2022,98,0,0
Mar 2022,0,0,0
Mar 2022,16,0,0
Mar 2022,5,0,0
Mar 2022,9,0,0
Mar 2022,1,0,0
Mar 2022,430,0,0
Mar 2022,1,0,0
Mar 2022,475,0,19
Mar 2022,1,0,0
Mar 2022,1,0,0
Mar 2022,1,0,0
Mar 2022,1,0,0
Mar 2022,1,0,0
Mar 2022,1,0,0
Mar 2022,1,0,0
Mar 2022,1,0,0
Mar 2022,68,0,0
Mar 2022,50,0,0
Mar 2022,274,0,0
Mar 2022,9732,0,0
Mar 2022,5,0,0
Mar 2022,4,0,0
Mar 2022,371,0,0
Mar 2022,70,0,0
Mar 2022,33,0,0
Mar 2022,76,0,0
Mar 2022,642,0,5
Mar 2022,18,0,0
Mar 2022,608,0,0
Mar 2022,31,0,0
Mar 2022,49,0,0
Mar 2022,8,0,0
Mar 2022,949,0,34
Mar 2022,380,0,0
Mar 2022,449,0,0
Mar 2022,432,0,0
Mar 2022,10,0,0
Mar 2022,1,0,0
Mar 2022,1,0,0
Mar 2022,337,0,0
Mar 2022,135,6,1
Mar 2022,2,0,0
Mar 2022,8,0,0
Mar 2022,2,0,0
Mar 2022,9,0,0
Mar 2022,2,0,0
Mar 2022,1,0,0
Mar 2022,7,0,0
Mar 2022,11,0,0
Mar 2022,6,0,0
Mar 2022,14,0,0
Mar 2022,1,0,0
Mar 2022,1,0,0
Mar 2022,21,0,0
Mar 2022,205,0,51
Mar 2022,151,0,0
Mar 2022,36,0,4
Mar 2022,4,0,0
Mar 2022,347,0,0
Mar 2022,1566,0,0
Mar 2022,17,0,0
Mar 2022,50,0,0
Mar 2022,385,0,1
Mar 2022,6,0,0
Mar 2022,240,0,1
Mar 2022,572,0,0
Mar 2022,4,0,0
Mar 2022,2,0,0
Mar 2022,1,0,0
Mar 2022,0,0,0
Mar 2022,25,0,0
Mar 2022,0,0,0
Avr 2022,3,0,0
Avr 2022,3,0,0
Avr 2022,1,0,0
Avr 2022,377,0,1
Avr 2022,4,0,0
Avr 2022,2,0,0
Avr 2022,1,0,0
Avr 2022,1,0,0
Avr 2022,20,0,0
Avr 2022,1,0,0
Avr 2022,3,0,0
Avr 2022,2018,0,0
Avr 2022,289,0,0
Avr 2022,1,0,0
Avr 2022,387,0,13
Avr 2022,822,0,255
Avr 2022,208,0,0
Avr 2022,7,0,0
Avr 2022,4,0,0
Avr 2022,3,0,0
Avr 2022,5,0,0
Avr 2022,3,0,0
Avr 2022,111,0,0
Avr 2022,205,0,0
Avr 2022,6,0,0
Avr 2022,301,0,0
Avr 2022,6,0,0
Avr 2022,3,0,0
Avr 2022,4,0,0
Avr 2022,2,0,0
Avr 2022,1,0,0
Avr 2022,1,0,4
Avr 2022,4,0,0
Avr 2022,13,0,0
Avr 2022,1,0,0
Avr 2022,1,0,0
Avr 2022,16,0,0
Avr 2022,3,0,0
Avr 2022,2,0,0
Avr 2022,1,0,0
Avr 2022,1,0,0
Avr 2022,2,0,0
Avr 2022,7,0,0
Avr 2022,6,0,0
Avr 2022,8,0,0
Avr 2022,205,7,0
Avr 2022,2,0,0
Avr 2022,1,0,0
Avr 2022,1,0,0
Avr 2022,734,0,0
Avr 2022,190,0,0
Avr 2022,7,0,0
Avr 2022,6,0,0
Avr 2022,6,0,0
Avr 2022,3,0,0
Avr 2022,8961,0,0
Avr 2022,448,0,1
Avr 2022,677,0,0
Avr 2022,14,0,0
Avr 2022,0,0,0
Avr 2022,48,0,0
Avr 2022,12,0,0
Avr 2022,50,0,0
Avr 2022,4,0,0
Avr 2022,101,0,0
Avr 2022,47,0,0
Avr 2022,16,0,0
Avr 2022,56,0,0
Avr 2022,1,0,0
Avr 2022,1,0,0
Avr 2022,1,0,0
Avr 2022,1,0,0
Avr 2022,1,0,0
Avr 2022,1,0,0
Avr 2022,170,0,0
Avr 2022,17,0,0
Avr 2022,258,0,0
Avr 2022,66,0,0
Avr 2022,13,0,0
Avr 2022,8,0,0
Avr 2022,10,0,0
Avr 2022,3,0,0
Avr 2022,488,0,32
Avr 2022,245,0,0
Avr 2022,1354,0,11
Avr 2022,246,0,0
Avr 2022,140,0,0
Avr 2022,372,0,1
Avr 2022,1,0,0
Avr 2022,11,0,0
Avr 2022,1,0,0
Avr 2022,1,0,0
Avr 2022,169,0,0
Avr 2022,52,0,0
Avr 2022,38,0,0
Avr 2022,259,0,60
Avr 2022,59,0,0
Avr 2022,32,0,0
Avr 2022,8,0,0
Avr 2022,205,0,0
Avr 2022,456,0,0
Avr 2022,38,0,0
Avr 2022,142,0,40
Avr 2022,13,0,0
Avr 2022,53,0,0
Avr 2022,11,0,0
Avr 2022,2,0,0
Avr 2022,6,0,0
Avr 2022,2,0,0
Avr 2022,1,0,0
Avr 2022,1,0,0
Avr 2022,1,0,0
Avr 2022,3,0,0
Avr 2022,3,0,0
Avr 2022,116,0,0
Avr 2022,76,0,0
Avr 2022,2,0,0
Avr 2022,0,0,0
Avr 2022,742,0,15
Avr 2022,925,0,0
Avr 2022,669,0,0
Avr 2022,64,0,0
Avr 2022,44,0,0
Avr 2022,109,0,66
Avr 2022,70,0,29
Avr 2022,0,0,0
Mai 2022,100,0,0
Mai 2022,2,0,0
Mai 2022,4,0,0
Mai 2022,31,0,0
Mai 2022,432,0,0
Mai 2022,147,0,0
Mai 2022,2,0,0
Mai 2022,1,0,0
Mai 2022,1,0,0
Mai 2022,25,0,0
Mai 2022,564,0,0
Mai 2022,3,0,0
Mai 2022,187,0,0
Mai 2022,19,0,0
Mai 2022,2917,0,3
Mai 2022,0,0,0
Mai 2022,48,0,0
Mai 2022,14,0,0
Mai 2022,679,0,115
Mai 2022,360,0,0
Mai 2022,33,0,0
Mai 2022,5,0,0
Mai 2022,16,0,0
Mai 2022,2,0,0
Mai 2022,109,0,0
Mai 2022,4,0,0
Mai 2022,0,0,4
Mai 2022,4,0,0
Mai 2022,1,0,0
Mai 2022,3,0,0
Mai 2022,3,0,0
Mai 2022,5,0,0
Mai 2022,20,0,0
Mai 2022,2,0,0
Mai 2022,1,0,0
Mai 2022,21,0,0
Mai 2022,2,0,0
Mai 2022,1,0,0
Mai 2022,2,0,0
Mai 2022,2,0,0
Mai 2022,6,0,0
Mai 2022,6,0,0
Mai 2022,7,0,0
Mai 2022,83,0,11
Mai 2022,285,0,0
Mai 2022,475,0,24
Mai 2022,7,0,0
Mai 2022,1,0,0
Mai 2022,100,0,0
Mai 2022,100,0,0
Mai 2022,7,0,0
Mai 2022,383,0,3
Mai 2022,348,0,0
Mai 2022,23,0,0
Mai 2022,7,0,0
Mai 2022,100,0,0
Mai 2022,100,0,0
Mai 2022,100,0,0
Mai 2022,100,0,0
Mai 2022,100,0,0
Mai 2022,100,0,0
Mai 2022,100,0,0
Mai 2022,100,0,0
Mai 2022,100,0,0
Mai 2022,100,0,0
Mai 2022,100,0,0
Mai 2022,100,0,0
Mai 2022,83,0,0
Mai 2022,7787,0,0
Mai 2022,12,0,0
Mai 2022,181,0,1
Mai 2022,259,0,0
Mai 2022,491,0,17
Mai 2022,314,0,0
Mai 2022,1448,0,14
Mai 2022,357,0,0
Mai 2022,329,0,0
Mai 2022,161,0,0
Mai 2022,352,0,4
Mai 2022,100,0,0
Mai 2022,100,0,0
Mai 2022,582,0,5
Mai 2022,253,0,4
Mai 2022,1,0,0
Mai 2022,1,0,0
Mai 2022,1,0,0
Mai 2022,1,0,0
Mai 2022,1,0,0
Mai 2022,1,0,0
Mai 2022,1,0,0
Mai 2022,171,0,2
Mai 2022,1,0,0
Mai 2022,39,0,0
Mai 2022,67,0,0
Mai 2022,1,0,0
Mai 2022,12,0,0
Mai 2022,3,0,0
Mai 2022,5,0,0
Mai 2022,3,0,0
Mai 2022,2,0,0
Mai 2022,8,0,0
Mai 2022,1,0,0
Mai 2022,1,0,0
Mai 2022,51,0,0
Mai 2022,4,0,0
Mai 2022,24,0,2
Mai 2022,28,0,2
Mai 2022,48,0,0
Mai 2022,10,0,0
Mai 2022,202,0,56
Mai 2022,677,0,0
Mai 2022,10,0,0
Mai 2022,946,0,0
Mai 2022,419,0,0
Mai 2022,150,0,0
Mai 2022,54,0,0
Mai 2022,0,0,0
Mai 2022,145,0,0
Mai 2022,109,0,0
Mai 2022,95,0,0
Mai 2022,1,0,1
Mai 2022,62,0,0
Mai 2022,67,0,0
Mai 2022,22,0,0
Mai 2022,216,0,0
Mai 2022,5,0,0
Mai 2022,133,0,7
Mai 2022,64,0,30
Mai 2022,12,0,0
Mai 2022,10,0,0
Jui 2022,100,0,0
Jui 2022,2,0,1
Jui 2022,1,0,0
Jui 2022,13,0,0
Jui 2022,752,0,52
Jui 2022,0,0,0
Jui 2022,6,0,0
Jui 2022,4,0,0
Jui 2022,11,0,0
Jui 2022,15,0,0
Jui 2022,4,0,0
Jui 2022,1,0,0
Jui 2022,1,0,0
Jui 2022,2,0,0
Jui 2022,36,0,0
Jui 2022,8,0,0
Jui 2022,3,0,0
Jui 2022,3,0,0
Jui 2022,3,0,0
Jui 2022,1,0,0
Jui 2022,1,0,0
Jui 2022,27,0,0
Jui 2022,2,0,0
Jui 2022,1,0,0
Jui 2022,4,0,0
Jui 2022,5,0,0
Jui 2022,60,0,0
Jui 2022,1,0,0
Jui 2022,279,0,0
Jui 2022,8,0,0
Jui 2022,1,0,0
Jui 2022,1,0,0
Jui 2022,100,0,0
Jui 2022,1,0,0
Jui 2022,1,0,0
Jui 2022,149,0,0
Jui 2022,1,0,0
Jui 2022,146,0,0
Jui 2022,29,0,0
Jui 2022,79,0,0
Jui 2022,5,0,1
Jui 2022,11,0,0
Jui 2022,381,0,0
Jui 2022,434,0,51
Jui 2022,1240,0,105
Jui 2022,8857,0,0
Jui 2022,390,0,0
Jui 2022,24,0,0
Jui 2022,1,0,0
Jui 2022,100,0,0
Jui 2022,100,0,0
Jui 2022,2,0,0
Jui 2022,2,0,0
Jui 2022,131,0,0
Jui 2022,1,0,0
Jui 2022,267,0,0
Jui 2022,25,0,0
Jui 2022,43,0,0
Jui 2022,8,0,0
Jui 2022,610,0,0
Jui 2022,66,0,0
Jui 2022,4,0,0
Jui 2022,240,0,0
Jui 2022,166,0,0
Jui 2022,276,0,0
Jui 2022,22,0,0
Jui 2022,198,0,0
Jui 2022,9,0,0
Jui 2022,820,0,0
Jui 2022,915,0,0
Jui 2022,154,0,0
Jui 2022,113,0,0
Jui 2022,283,0,0
Jui 2022,328,0,28
Jui 2022,296,0,0
Jui 2022,1485,0,39
Jui 2022,437,0,0
Jui 2022,341,0,0
Jui 2022,178,0,0
Jui 2022,253,0,0
Jui 2022,25,0,0
Jui 2022,369,0,0
Jui 2022,100,0,0
Jui 2022,100,0,0
Jui 2022,100,0,0
Jui 2022,100,0,0
Jui 2022,100,0,0
Jui 2022,100,0,0
Jui 2022,100,0,0
Jui 2022,100,0,0
Jui 2022,100,0,0
Jui 2022,100,0,0
Jui 2022,100,0,0
Jui 2022,17,0,0
Jui 2022,1,0,0
Jui 2022,2868,0,0
Jui 2022,51,0,0
Jui 2022,212,0,2
Jui 2022,1,0,0
Jui 2022,478,0,8
Jui 2022,325,0,2
Jui 2022,3,0,0
Jui 2022,156,0,0
Jui 2022,76,0,0
Jui 2022,56,0,0
Jui 2022,28,0,0
Jui 2022,18,0,0
Jui 2022,15,0,0
Jui 2022,1,0,0
Jui 2022,10,0,0
Jui 2022,260,0,0
Jui 2022,3,0,0
Jui 2022,53,0,0
Jui 2022,19,0,0
Jui 2022,4,0,0
Jui 2022,3,0,0
Jui 2022,4,0,0
Jui 2022,1,0,0
Jui 2022,13,0,0
Jui 2022,1,0,0
Jui 2022,394,0,0
Jui 2022,205,0,51
Jui 2022,141,0,0
Jui 2022,101,0,0
Jui 2022,128,0,17
Jui 2022,113,0,0
Jui 2022,0,0,0
Jui 2022,0,0,0
Jui 2022,0,0,0
Jui 2022,0,0,0
Jui 2022,1,0,3
Juil 2022,100,0,0
Juil 2022,1,0,0
Juil 2022,122,0,0
Juil 2022,1,0,0
Juil 2022,1,0,0
Juil 2022,25,0,0
Juil 2022,1,0,0
Juil 2022,1,0,0
Juil 2022,24,0,0
Juil 2022,6,0,0
Juil 2022,1,0,0
Juil 2022,1,0,0
Juil 2022,6,0,0
Juil 2022,1,0,0
Juil 2022,18,0,0
Juil 2022,4,0,0
Juil 2022,38,0,0
Juil 2022,2,0,0
Juil 2022,140,0,0
Juil 2022,412,0,0
Juil 2022,292,0,9
Juil 2022,42,0,0
Juil 2022,297,0,0
Juil 2022,254,0,0
Juil 2022,5421,0,0
Juil 2022,1,0,0
Juil 2022,1,0,0
Juil 2022,1,0,0
Juil 2022,1,0,0
Juil 2022,4,0,0
Juil 2022,1,0,0
Juil 2022,33,0,0
Juil 2022,2,0,0
Juil 2022,1,0,0
Juil 2022,1,0,0
Juil 2022,151,0,0
Juil 2022,15,0,0
Juil 2022,36,0,0
Juil 2022,9,0,0
Juil 2022,9,0,0
Juil 2022,277,0,0
Juil 2022,236,0,0
Juil 2022,229,0,0
Juil 2022,2,0,0
Juil 2022,3,0,0
Juil 2022,2,0,0
Juil 2022,6,0,0
Juil 2022,1,0,0
Juil 2022,2,0,0
Juil 2022,5,0,0
Juil 2022,2,0,0
Juil 2022,2,0,0
Juil 2022,380,0,85
Juil 2022,192,0,0
Juil 2022,308,0,15
Juil 2022,234,0,0
Juil 2022,1416,0,46
Juil 2022,404,0,0
Juil 2022,328,0,0
Juil 2022,4,0,0
Juil 2022,60,0,0
Juil 2022,107,0,0
Juil 2022,2,0,0
Juil 2022,332,0,0
Juil 2022,28,0,0
Juil 2022,108,0,0
Juil 2022,169,0,0
Juil 2022,108,0,0
Juil 2022,5,0,0
Juil 2022,119,0,0
Juil 2022,100,0,0
Juil 2022,100,0,0
Juil 2022,100,0,0
Juil 2022,100,0,0
Juil 2022,100,0,0
Juil 2022,100,0,0
Juil 2022,100,0,0
Juil 2022,100,0,0
Juil 2022,100,0,0
Juil 2022,100,0,0
Juil 2022,100,0,0
Juil 2022,100,0,0
Juil 2022,7,0,0
Juil 2022,6,0,0
Juil 2022,5,0,0
Juil 2022,4,0,0
Juil 2022,10,0,0
Juil 2022,5,0,0
Juil 2022,1,0,0
Juil 2022,2,0,1
Juil 2022,2739,0,0
Juil 2022,51,0,0
Juil 2022,5,0,0
Juil 2022,3,0,0
Juil 2022,5,0,0
Juil 2022,1,0,0
Juil 2022,0,0,0
Juil 2022,1,0,0
Juil 2022,74,0,0
Juil 2022,8,0,0
Juil 2022,2240,0,0
Juil 2022,18,0,0
Juil 2022,171,0,0
Juil 2022,1690,0,0
Juil 2022,474,0,0
Juil 2022,82,0,0
Juil 2022,393,0,0
Juil 2022,62,0,0
Juil 2022,165,0,0
Juil 2022,21,0,1
Juil 2022,577,0,99
Juil 2022,96,0,0
Juil 2022,40,0,0
Juil 2022,33,0,0
Juil 2022,150,0,0
Juil 2022,7,0,0
Juil 2022,174,0,0
Juil 2022,1,0,0
Juil 2022,1,0,0
Juil 2022,89,0,0
Juil 2022,1,0,0
Juil 2022,57,0,14
Juil 2022,1,0,0
Juil 2022,435,0,76
Juil 2022,140,0,0
Juil 2022,45,0,0
Juil 2022,0,0,0
Juil 2022,0,0,0
Juil 2022,2,0,0
Juil 2022,1,0,2
Aou 2022,100,0,0
Aou 2022,273,0,0
Aou 2022,152,0,0
Aou 2022,125,0,0
Aou 2022,6,0,0
Aou 2022,3,0,0
Aou 2022,9,0,0
Aou 2022,7,0,0
Aou 2022,3,0,0
Aou 2022,36,0,0
Aou 2022,2,0,0
Aou 2022,15,0,0
Aou 2022,1,0,0
Aou 2022,3,0,0
Aou 2022,246,0,0
Aou 2022,4,0,0
Aou 2022,5,0,0
Aou 2022,7,0,0
Aou 2022,1262,0,0
Aou 2022,1,0,0
Aou 2022,1,0,0
Aou 2022,1,0,0
Aou 2022,2,0,0
Aou 2022,1,0,0
Aou 2022,10,0,0
Aou 2022,24,0,0
Aou 2022,2,0,0
Aou 2022,1,0,0
Aou 2022,1,0,0
Aou 2022,6,0,0
Aou 2022,2,0,0
Aou 2022,1,0,0
Aou 2022,1,0,0
Aou 2022,53,0,0
Aou 2022,1,0,0
Aou 2022,0,0,1
Aou 2022,151,0,56
Aou 2022,22,0,0
Aou 2022,13,0,0
Aou 2022,10,0,0
Aou 2022,443,0,0
Aou 2022,119,0,0
Aou 2022,168,0,0
Aou 2022,111,0,0
Aou 2022,1,0,0
Aou 2022,49,0,0
Aou 2022,17,0,0
Aou 2022,366,0,42
Aou 2022,10,0,0
Aou 2022,9,0,0
Aou 2022,1960,0,0
Aou 2022,417,0,0
Aou 2022,5489,0,0
Aou 2022,141,0,0
Aou 2022,100,0,0
Aou 2022,100,0,0
Aou 2022,1,0,0
Aou 2022,1,0,0
Aou 2022,1,0,0
Aou 2022,1,0,0
Aou 2022,100,0,0
Aou 2022,100,0,0
Aou 2022,100,0,0
Aou 2022,125,0,0
Aou 2022,230,0,8
Aou 2022,156,0,0
Aou 2022,993,0,9
Aou 2022,192,0,0
Aou 2022,209,0,0
Aou 2022,81,0,0
Aou 2022,26,0,0
Aou 2022,4,0,0
Aou 2022,415,0,0
Aou 2022,562,0,0
Aou 2022,53,0,0
Aou 2022,51,0,0
Aou 2022,36,0,0
Aou 2022,1,0,0
Aou 2022,5,0,0
Aou 2022,7,0,0
Aou 2022,2,0,0
Aou 2022,14,0,0
Aou 2022,2,0,0
Aou 2022,268,0,1
Aou 2022,166,0,0
Aou 2022,36,0,0
Aou 2022,190,0,0
Aou 2022,22,0,0
Aou 2022,24,0,0
Aou 2022,10,0,0
Aou 2022,601,0,0
Aou 2022,354,0,0
Aou 2022,765,0,219
Aou 2022,77,0,0
Aou 2022,28,0,0
Aou 2022,14,0,0
Aou 2022,102,0,0
Aou 2022,5,0,0
Aou 2022,153,0,0
Aou 2022,1,0,0
Aou 2022,1,0,0
Aou 2022,54,0,0
Aou 2022,59,0,12
Aou 2022,1,0,0
Aou 2022,383,0,28
Aou 2022,140,0,0
Aou 2022,21,0,0
Aou 2022,2,0,0
Aou 2022,1,0,1
Sep 2022,94,0,94
Sep 2022,1179,0,0
Sep 2022,354,0,0
Sep 2022,238,0,2
Sep 2022,1,0,1
Sep 2022,2,0,2
Sep 2022,121,0,0
Sep 2022,14,0,0
Sep 2022,2,0,0
Sep 2022,1,0,0
Sep 2022,47,0,0
Sep 2022,17,0,0
Sep 2022,2,0,0
Sep 2022,56,0,0
Sep 2022,618,0,62
Sep 2022,1161,0,0
Sep 2022,3071,0,0
Sep 2022,3,0,0
Sep 2022,1,0,0
Sep 2022,0,0,0
Sep 2022,25,0,0
Sep 2022,688,0,0
Sep 2022,208,0,0
Sep 2022,191,0,0
Sep 2022,285,0,0
Sep 2022,100,0,0
Sep 2022,100,0,0
Sep 2022,100,0,0
Sep 2022,100,0,0
Sep 2022,100,0,0
Sep 2022,100,0,0
Sep 2022,100,0,0
Sep 2022,132,0,2
Sep 2022,100,0,0
Sep 2022,5,0,0
Sep 2022,9,0,0
Sep 2022,7,0,0
Sep 2022,1,0,0
Sep 2022,2,0,0
Sep 2022,42,0,0
Sep 2022,3,0,0
Sep 2022,20,0,0
Sep 2022,4,0,1
Sep 2022,3,0,1
Sep 2022,3,0,0
Sep 2022,2,0,0
Sep 2022,1,0,0
Sep 2022,4,0,0
Sep 2022,3080,0,0
Sep 2022,20,0,0
Sep 2022,7,0,0
Sep 2022,4,0,0
Sep 2022,2,0,0
Sep 2022,601,0,0
Sep 2022,743,0,0
Sep 2022,1,0,0
Sep 2022,320,0,71
Sep 2022,54,0,0
Sep 2022,4,0,0
Sep 2022,8,0,0
Sep 2022,375,0,0
Sep 2022,8,0,0
Sep 2022,18,0,0
Sep 2022,3,0,0
Sep 2022,1111,0,0
Sep 2022,1033,0,0
Sep 2022,105,0,0
Sep 2022,224,0,0
Sep 2022,176,0,16
Sep 2022,10,0,0
Sep 2022,50,0,0
Sep 2022,262,0,0
Sep 2022,1895,0,32
Sep 2022,455,0,0
Sep 2022,167,0,0
Sep 2022,438,0,0
Sep 2022,418,0,0
Sep 2022,78,0,0
Sep 2022,26,0,0
Sep 2022,10,0,0
Sep 2022,1,0,0
Sep 2022,316,0,0
Sep 2022,129,0,0
Sep 2022,32,0,0
Sep 2022,21,0,0
Sep 2022,5,0,0
Sep 2022,158,0,0
Sep 2022,342,0,0
Sep 2022,3,0,0
Sep 2022,68,0,0
Sep 2022,140,0,54
Sep 2022,884,0,337
Sep 2022,164,0,0
Sep 2022,84,0,0
Sep 2022,2,0,0
Sep 2022,15,0,0
Sep 2022,4,0,0
Sep 2022,8,0,0
Sep 2022,4,0,0
Sep 2022,11,0,0
Sep 2022,1,0,0
Sep 2022,2,0,0
Sep 2022,1,0,0
Sep 2022,655,0,60
Sep 2022,235,0,0
Sep 2022,119,0,0
Sep 2022,64,0,0
Sep 2022,6,0,0
Sep 2022,22,0,0
Sep 2022,7,0,0
Sep 2022,1,0,0
Sep 2022,310,0,0
Sep 2022,123,0,0
Sep 2022,1,0,0
Sep 2022,157,0,0
Sep 2022,1,0,0
Sep 2022,1,0,0
Sep 2022,0,0,0
Sep 2022,2,0,0
Sep 2022,0,0,0
Sep 2022,5,0,0
Oct 2022,320,0,0
Oct 2022,1,0,0
Oct 2022,182,0,0
Oct 2022,2,0,0
Oct 2022,22,0,0
Oct 2022,8,0,0
Oct 2022,45,0,2
Oct 2022,2,0,0
Oct 2022,59,0,0
Oct 2022,767,0,0
Oct 2022,5,0,0
Oct 2022,8,0,0
Oct 2022,6,0,0
Oct 2022,4,0,0
Oct 2022,726,0,34
Oct 2022,16,0,0
Oct 2022,1,0,0
Oct 2022,25,0,0
Oct 2022,1,0,0
Oct 2022,1,0,0
Oct 2022,1,0,0
Oct 2022,912,0,2
Oct 2022,8,0,0
Oct 2022,1148,0,0
Oct 2022,3,0,0
Oct 2022,9,0,0
Oct 2022,1,0,0
Oct 2022,359,0,0
Oct 2022,5,0,0
Oct 2022,344,0,59
Oct 2022,4,0,0
Oct 2022,141,0,0
Oct 2022,3,0,0
Oct 2022,335,0,0
Oct 2022,0,0,0
Oct 2022,48,0,0
Oct 2022,3,0,0
Oct 2022,28,0,0
Oct 2022,12,0,0
Oct 2022,397,0,0
Oct 2022,3,0,0
Oct 2022,637,0,0
Oct 2022,217,0,0
Oct 2022,2691,0,0
Oct 2022,800,0,0
Oct 2022,1,0,0
Oct 2022,9,0,0
Oct 2022,52,0,0
Oct 2022,241,0,0
Oct 2022,189,0,0
Oct 2022,1,0,0
Oct 2022,17,0,0
Oct 2022,44,0,0
Oct 2022,62,0,0
Oct 2022,1,0,0
Oct 2022,1084,0,0
Oct 2022,690,0,0
Oct 2022,12,0,0
Oct 2022,92,0,0
Oct 2022,232,0,0
Oct 2022,269,0,0
Oct 2022,187,0,8
Oct 2022,144,0,0
Oct 2022,874,0,2
Oct 2022,410,0,15
Oct 2022,1588,0,25
Oct 2022,1364,0,0
Oct 2022,4,0,0
Oct 2022,5,0,0
Oct 2022,1,0,0
Oct 2022,2,0,0
Oct 2022,8,0,0
Oct 2022,43,0,0
Oct 2022,1,0,0
Oct 2022,1,0,0
Oct 2022,4,0,0
Oct 2022,50,0,0
Oct 2022,1,0,0
Oct 2022,3,0,0
Oct 2022,3,0,3
Oct 2022,4,0,0
Oct 2022,84,0,0
Oct 2022,139,0,0
Oct 2022,155,0,0
Oct 2022,386,0,0
Oct 2022,63,0,0
Oct 2022,24,0,0
Oct 2022,105,0,0
Oct 2022,15,0,0
Oct 2022,161,0,0
Oct 2022,6,0,0
Oct 2022,13,0,0
Oct 2022,49,0,0
Oct 2022,190,0,76
Oct 2022,996,0,111
Oct 2022,1,0,0
Oct 2022,78,0,0
Oct 2022,120,0,0
Oct 2022,29,0,0
Oct 2022,93,0,0
Oct 2022,78,0,0
Oct 2022,3,0,0
Oct 2022,6,0,0
Oct 2022,2,0,0
Oct 2022,2,0,0
Oct 2022,3,0,0
Oct 2022,4,0,0
Oct 2022,1,0,0
Oct 2022,10,0,0
Oct 2022,1,0,0
Oct 2022,103,0,0
Oct 2022,7,0,0
Oct 2022,1,0,0
Oct 2022,4,0,2
Oct 2022,294,0,0
Nov 2022,20,0,0
Nov 2022,1,0,0
Nov 2022,300,0,0
Nov 2022,0,0,0
Nov 2022,227,0,11
Nov 2022,990,0,0
Nov 2022,414,0,118
Nov 2022,49,0,0
Nov 2022,3,0,0
Nov 2022,18,0,0
Nov 2022,1,0,0
Nov 2022,4,0,0
Nov 2022,0,0,0
Nov 2022,4,0,2
Nov 2022,1,0,1
Nov 2022,9,0,1
Nov 2022,1,0,0
Nov 2022,2,0,0
Nov 2022,2,0,0
Nov 2022,4,0,0
Nov 2022,1,0,0
Nov 2022,2,0,0
Nov 2022,502,0,0
Nov 2022,332,0,0
Nov 2022,6,0,1
Nov 2022,0,0,0
Nov 2022,6,0,0
Nov 2022,4,0,0
Nov 2022,12,0,0
Nov 2022,6,0,0
Nov 2022,369,0,0
Nov 2022,13,0,0
Nov 2022,1,0,0
Nov 2022,1,0,0
Nov 2022,1,0,0
Nov 2022,1,0,0
Nov 2022,1,0,0
Nov 2022,520,0,0
Nov 2022,16,0,0
Nov 2022,2,0,2
Nov 2022,31,0,0
Nov 2022,3,0,0
Nov 2022,165,0,0
Nov 2022,668,0,1
Nov 2022,186,0,0
Nov 2022,2,0,0
Nov 2022,2,0,0
Nov 2022,288,0,0
Nov 2022,185,0,2
Nov 2022,24,0,0
Nov 2022,2421,0,0
Nov 2022,637,0,42
Nov 2022,41,0,0
Nov 2022,4,0,0
Nov 2022,56,0,0
Nov 2022,684,0,0
Nov 2022,385,0,15
Nov 2022,182,0,0
Nov 2022,11,0,0
Nov 2022,19,0,0
Nov 2022,98,0,0
Nov 2022,23,0,0
Nov 2022,13,0,0
Nov 2022,256,0,15
Nov 2022,159,0,0
Nov 2022,0,0,0
Nov 2022,2,0,4
Nov 2022,4,0,0
Nov 2022,326,0,0
Nov 2022,26,0,0
Nov 2022,40,0,0
Nov 2022,46,0,0
Nov 2022,3,0,0
Nov 2022,5,0,0
Nov 2022,4,0,0
Nov 2022,163,0,0
Nov 2022,1,0,0
Nov 2022,33,0,0
Nov 2022,62,0,0
Nov 2022,341,0,0
Nov 2022,1019,0,0
Nov 2022,721,0,0
Nov 2022,397,0,20
Nov 2022,150,0,0
Nov 2022,100,0,0
Nov 2022,1954,0,13
Nov 2022,1515,0,0
Nov 2022,834,0,2
Nov 2022,144,0,0
Nov 2022,100,0,0
Nov 2022,77,0,0
Nov 2022,100,0,0
Nov 2022,100,0,0
Nov 2022,1,0,0
Nov 2022,1,0,0
Nov 2022,1,0,0
Nov 2022,2,0,0
Nov 2022,16,0,0
Nov 2022,1,0,0
Nov 2022,9,0,0
Nov 2022,12,0,0
Nov 2022,14,0,0
Nov 2022,3,0,0
Nov 2022,1,0,0
Nov 2022,3,0,0
Nov 2022,13,0,0
Nov 2022,2,0,0
Nov 2022,322,0,9
Nov 2022,8,0,0
Nov 2022,80,0,0
Nov 2022,0,0,0
Nov 2022,15,0,0
Nov 2022,66,0,0
Nov 2022,1570,0,0
Nov 2022,83,0,64
Nov 2022,143,0,0
Nov 2022,136,0,0
Dec 2022,1,0,0
Dec 2022,267,0,0
Dec 2022,7,0,2
Dec 2022,2,0,0
Dec 2022,252,0,0
Dec 2022,7,0,2
Dec 2022,1,0,0
Dec 2022,3,0,0
Dec 2022,2,0,0
Dec 2022,3,0,0
Dec 2022,8,0,0
Dec 2022,87,0,0
Dec 2022,6,0,0
Dec 2022,10,0,0
Dec 2022,4,0,0
Dec 2022,6,0,0
Dec 2022,12,0,0
Dec 2022,100,0,0
Dec 2022,4,0,0
Dec 2022,1928,0,0
Dec 2022,37,0,5
Dec 2022,20,0,80
Dec 2022,163,0,2
Dec 2022,2,0,0
Dec 2022,0,0,3
Dec 2022,2,0,0
Dec 2022,1,0,0
Dec 2022,12,0,0
Dec 2022,4,0,0
Dec 2022,4,0,0
Dec 2022,19,0,0
Dec 2022,1,0,0
Dec 2022,1,0,0
Dec 2022,1,0,0
Dec 2022,20,0,0
Dec 2022,3,0,0
Dec 2022,1,0,0
Dec 2022,1,0,0
Dec 2022,2,0,0
Dec 2022,2,0,0
Dec 2022,509,0,0
Dec 2022,41,0,0
Dec 2022,144,0,0
Dec 2022,14,0,0
Dec 2022,178,0,6
Dec 2022,1934,0,0
Dec 2022,58,0,62
Dec 2022,118,0,0
Dec 2022,794,0,0
Dec 2022,202,0,0
Dec 2022,153,0,0
Dec 2022,15,0,0
Dec 2022,7,0,0
Dec 2022,53,0,0
Dec 2022,6,0,0
Dec 2022,43,0,0
Dec 2022,18,0,0
Dec 2022,2,0,0
Dec 2022,100,0,0
Dec 2022,100,0,0
Dec 2022,100,0,0
Dec 2022,10,0,0
Dec 2022,101,0,0
Dec 2022,220,0,26
Dec 2022,3,0,0
Dec 2022,49,0,0
Dec 2022,95,0,0
Dec 2022,1000,0,0
Dec 2022,4,0,0
Dec 2022,978,0,0
Dec 2022,538,0,0
Dec 2022,150,0,0
Dec 2022,100,0,0
Dec 2022,25,0,0
Dec 2022,1,0,0
Dec 2022,1,0,0
Dec 2022,122,0,0
Dec 2022,135,0,0
Dec 2022,13,0,0
Dec 2022,1,0,0
Dec 2022,7,0,0
Dec 2022,1,0,0
Dec 2022,285,0,15
Dec 2022,110,0,0
Dec 2022,15,0,0
Dec 2022,159,0,2
Dec 2022,1265,0,0
Dec 2022,128,0,0
Dec 2022,9,0,0
Dec 2022,26,0,0
Dec 2022,12,0,0
Dec 2022,199,0,0
Dec 2022,33,0,0
Dec 2022,239,0,0
Dec 2022,276,0,23
Dec 2022,2,0,0
Dec 2022,8,0,0
Dec 2022,371,0,0
Dec 2022,14,0,0
Dec 2022,292,0,2
Dec 2022,254,0,3
Dec 2022,2071,0,0
Dec 2022,1,0,0
Dec 2022,1,0,0
Dec 2022,1,0,0
Dec 2022,105,0,0
Dec 2022,0,0,0
Dec 2022,64,0,3
Dec 2022,32,0,0
Dec 2022,1,0,0
Jan 2023,308,0,0
Jan 2023,142,0,0
Jan 2023,58,0,0
Jan 2023,15,0,0
Jan 2023,2,0,0
Jan 2023,23,0,0
Jan 2023,2,0,0
Jan 2023,252,0,90
Jan 2023,49,0,0
Jan 2023,185,0,62
Jan 2023,1000,0,0
Jan 2023,4,0,0
Jan 2023,5,0,1
Jan 2023,3,0,2
Jan 2023,16,0,0
Jan 2023,1,0,0
Jan 2023,142,0,0
Jan 2023,433,0,1
Jan 2023,3,0,0
Jan 2023,79,0,0
Jan 2023,4,0,0
Jan 2023,4,0,0
Jan 2023,2,0,0
Jan 2023,1,0,0
Jan 2023,1,0,4
Jan 2023,3,0,0
Jan 2023,1,0,0
Jan 2023,2,0,0
Jan 2023,3,0,0
Jan 2023,1,0,0
Jan 2023,2,0,0
Jan 2023,3,0,0
Jan 2023,2,0,0
Jan 2023,30,0,0
Jan 2023,174,0,0
Jan 2023,1,0,0
Jan 2023,2,0,0
Jan 2023,1,0,0
Jan 2023,364,0,2
Jan 2023,49,0,0
Jan 2023,6,0,0
Jan 2023,8,0,0
Jan 2023,6,0,0
Jan 2023,5,0,0
Jan 2023,3,0,0
Jan 2023,1,0,0
Jan 2023,12,0,0
Jan 2023,658,0,0
Jan 2023,17,0,3
Jan 2023,221,0,0
Jan 2023,855,0,11
Jan 2023,605,0,0
Jan 2023,223,0,0
Jan 2023,304,0,0
Jan 2023,213,0,0
Jan 2023,16,0,0
Jan 2023,46,0,0
Jan 2023,28,0,0
Jan 2023,5,0,0
Jan 2023,19,0,0
Jan 2023,545,0,0
Jan 2023,3,0,0
Jan 2023,1,0,0
Jan 2023,36,0,16
Jan 2023,9,0,0
Jan 2023,22,0,0
Jan 2023,10,0,0
Jan 2023,100,0,0
Jan 2023,103,0,0
Jan 2023,26,0,0
Jan 2023,55,0,0
Jan 2023,2606,0,0
Jan 2023,58,0,0
Jan 2023,24,0,0
Jan 2023,856,0,0
Jan 2023,505,0,0
Jan 2023,178,0,0
Jan 2023,111,0,0
Jan 2023,9,0,0
Jan 2023,59,0,0
Jan 2023,78,0,0
Jan 2023,544,0,1724
Jan 2023,250,0,0
Jan 2023,16,0,144
Jan 2023,100,0,0
Jan 2023,100,0,0
Jan 2023,100,0,0
Jan 2023,100,0,0
Jan 2023,243,0,0
Jan 2023,238,0,5
Jan 2023,302,0,13
Jan 2023,10,0,3
Jan 2023,1967,0,0
Jan 2023,1176,0,1
Jan 2023,202,0,0
Jan 2023,2028,0,0
Jan 2023,120,0,0
Jan 2023,270,0,5
Jan 2023,1,0,0
Jan 2023,1,0,0
Jan 2023,1,0,0
Jan 2023,13,0,0
Jan 2023,13,0,0
Jan 2023,1,0,0
Jan 2023,1,0,0
Jan 2023,4,0,0
Jan 2023,1,0,0
Jan 2023,12,0,0
Jan 2023,1,0,0
Jan 2023,134,0,0
Jan 2023,77,0,0
Jan 2023,1,0,0
Jan 2023,55,0,0
Fev 2023,305,0,0
Fev 2023,4,0,0
Fev 2023,289,0,15
Fev 2023,33,0,0
Fev 2023,1,0,0
Fev 2023,44,0,0
Fev 2023,40,0,0
Fev 2023,990,0,0
Fev 2023,125,0,0
Fev 2023,2,0,0
Fev 2023,3,0,1
Fev 2023,417,0,0
Fev 2023,33,0,1
Fev 2023,12,0,0
Fev 2023,160,0,23
Fev 2023,8,0,1
Fev 2023,2,0,2
Fev 2023,4,0,0
Fev 2023,2,0,0
Fev 2023,72,0,0
Fev 2023,4,0,0
Fev 2023,2,0,0
Fev 2023,39,0,28
Fev 2023,2,0,0
Fev 2023,2,0,0
Fev 2023,1,0,0
Fev 2023,2,0,0
Fev 2023,2,0,0
Fev 2023,3,0,0
Fev 2023,2,0,0
Fev 2023,8,0,0
Fev 2023,327,0,0
Fev 2023,182,0,0
Fev 2023,13,0,1
Fev 2023,6,0,0
Fev 2023,3,0,0
Fev 2023,11,0,0
Fev 2023,5,0,0
Fev 2023,783,0,0
Fev 2023,0,0,0
Fev 2023,412,0,0
Fev 2023,19,0,0
Fev 2023,27,0,0
Fev 2023,22,0,0
Fev 2023,89,0,0
Fev 2023,2445,0,0
Fev 2023,766,0,20
Fev 2023,22,0,0
Fev 2023,131,0,0
Fev 2023,1,0,0
Fev 2023,36,0,5
Fev 2023,557,0,0
Fev 2023,287,0,0
Fev 2023,50,0,0
Fev 2023,13,0,0
Fev 2023,25,0,0
Fev 2023,12,0,0
Fev 2023,358,0,0
Fev 2023,2,0,0
Fev 2023,4,0,0
Fev 2023,191,0,0
Fev 2023,271,0,0
Fev 2023,188,0,0
Fev 2023,60,0,40
Fev 2023,92,0,8
Fev 2023,258,0,0
Fev 2023,29,0,0
Fev 2023,100,0,0
Fev 2023,44,0,0
Fev 2023,269,0,0
Fev 2023,25,0,0
Fev 2023,85,0,0
Fev 2023,16,0,0
Fev 2023,443,0,0
Fev 2023,159,0,0
Fev 2023,109,0,0
Fev 2023,4,0,0
Fev 2023,2,0,0
Fev 2023,42,0,0
Fev 2023,642,0,0
Fev 2023,1,0,0
Fev 2023,95,0,0
Fev 2023,3,0,0
Fev 2023,246,0,0
Fev 2023,184,0,0
Fev 2023,1657,0,710
Fev 2023,357,0,1
Fev 2023,1382,0,6
Fev 2023,208,0,0
Fev 2023,2243,0,3
Fev 2023,174,0,0
Fev 2023,2157,0,0
Fev 2023,45,0,116
Fev 2023,296,0,0
Fev 2023,8,0,0
Fev 2023,8,0,0
Fev 2023,2,0,0
Fev 2023,1,0,0
Fev 2023,2,0,0
Fev 2023,1,0,0
Fev 2023,1,0,0
Fev 2023,1,0,0
Fev 2023,141,0,0
Fev 2023,214,0,0
Fev 2023,5,0,0
Fev 2023,1,0,0
Fev 2023,2,0,0
Fev 2023,32,0,0
Fev 2023,8,0,0
Fev 2023,1,0,0
Fev 2023,55,0,0
Mar 2023,7,0,0
Mar 2023,265,0,43
Mar 2023,4,0,0
Mar 2023,286,0,0
Mar 2023,200,0,0
Mar 2023,1,0,0
Mar 2023,3,0,0
Mar 2023,17,0,0
Mar 2023,48,0,3
Mar 2023,11,0,0
Mar 2023,0,0,0
Mar 2023,234,0,5
Mar 2023,216,0,0
Mar 2023,7,0,0
Mar 2023,42,0,0
Mar 2023,83,0,0
Mar 2023,4265,0,0
Mar 2023,49,0,5
Mar 2023,3,0,0
Mar 2023,4,0,0
Mar 2023,14,0,0
Mar 2023,22,0,0
Mar 2023,77,0,0
Mar 2023,5,0,0
Mar 2023,422,0,0
Mar 2023,1,0,1
Mar 2023,46,0,38
Mar 2023,6,0,0
Mar 2023,4,0,0
Mar 2023,3,0,0
Mar 2023,24,0,0
Mar 2023,2,0,0
Mar 2023,2,0,0
Mar 2023,60,0,0
Mar 2023,93,0,0
Mar 2023,1,0,0
Mar 2023,1,0,0
Mar 2023,1,0,0
Mar 2023,1,0,0
Mar 2023,933,0,13
Mar 2023,1295,0,1
Mar 2023,3,0,0
Mar 2023,2,0,0
Mar 2023,218,0,0
Mar 2023,760,0,0
Mar 2023,5,0,0
Mar 2023,1901,0,0
Mar 2023,2,0,0
Mar 2023,112,0,39
Mar 2023,6,0,0
Mar 2023,1,0,0
Mar 2023,6,0,0
Mar 2023,34,0,5
Mar 2023,1,0,0
Mar 2023,2,0,2
Mar 2023,2,0,6
Mar 2023,4,0,0
Mar 2023,8,0,0
Mar 2023,1,0,1
Mar 2023,2,0,0
Mar 2023,2,0,2
Mar 2023,6,0,0
Mar 2023,8,0,0
Mar 2023,134,0,0
Mar 2023,383,0,0
Mar 2023,72,0,0
Mar 2023,10,0,0
Mar 2023,80,0,0
Mar 2023,22,0,0
Mar 2023,24,0,0
Mar 2023,546,0,0
Mar 2023,10,0,2
Mar 2023,47,3,0
Mar 2023,1212,0,0
Mar 2023,610,0,0
Mar 2023,260,0,0
Mar 2023,161,0,0
Mar 2023,97,0,0
Mar 2023,21,0,0
Mar 2023,29,0,0
Mar 2023,11,0,0
Mar 2023,622,0,0
Mar 2023,202,0,0
Mar 2023,294,0,0
Mar 2023,280,0,0
Mar 2023,331,0,0
Mar 2023,143,0,0
Mar 2023,188,0,0
Mar 2023,18,0,0
Mar 2023,2,0,0
Mar 2023,304,0,0
Mar 2023,100,0,0
Mar 2023,100,0,0
Mar 2023,319,0,0
Mar 2023,181,0,0
Mar 2023,10,0,0
Mar 2023,396,0,10
Mar 2023,5,0,3
Mar 2023,1,0,0
Mar 2023,2908,0,0
Mar 2023,1,0,0
Mar 2023,1,0,0
Mar 2023,1329,0,3
Mar 2023,211,0,7
Mar 2023,806,0,0
Mar 2023,1,0,0
Mar 2023,431,0,0
Mar 2023,1,0,0
Mar 2023,1,0,0
Mar 2023,1,0,0
Mar 2023,6,0,0
Mar 2023,14,0,0
Mar 2023,2,0,0
Mar 2023,17,0,0
Mar 2023,3,0,0
Mar 2023,107,0,0
Mar 2023,60,0,0
Mar 2023,1,0,0
Mar 2023,16,0,0
Avr 2023,4,0,4
Avr 2023,6,0,0
Avr 2023,2,0,0
Avr 2023,124,0,0
Avr 2023,49,0,0
Avr 2023,272,0,0
Avr 2023,233,0,26
Avr 2023,196,0,0
Avr 2023,107,0,0
Avr 2023,4,0,0
Avr 2023,384,0,3
Avr 2023,100,0,0
Avr 2023,4,0,0
Avr 2023,3,0,0
Avr 2023,4,0,0
Avr 2023,3,0,0
Avr 2023,4,0,0
Avr 2023,1,0,0
Avr 2023,2,0,7
Avr 2023,4,0,0
Avr 2023,40,0,3
Avr 2023,7,0,0
Avr 2023,1,0,0
Avr 2023,2,0,0
Avr 2023,6,0,0
Avr 2023,924,0,6
Avr 2023,44,0,2
Avr 2023,6,0,0
Avr 2023,6,0,0
Avr 2023,4,0,0
Avr 2023,12,0,0
Avr 2023,100,0,0
Avr 2023,100,0,0
Avr 2023,100,0,0
Avr 2023,100,0,0
Avr 2023,47,0,0
Avr 2023,23,0,0
Avr 2023,3,0,0
Avr 2023,3,0,0
Avr 2023,6,0,0
Avr 2023,691,0,0
Avr 2023,88,0,13
Avr 2023,1295,0,0
Avr 2023,613,0,0
Avr 2023,23,0,0
Avr 2023,100,0,0
Avr 2023,100,0,0
Avr 2023,11,0,0
Avr 2023,100,0,0
Avr 2023,46,0,38
Avr 2023,1460,0,0
Avr 2023,75,0,13
Avr 2023,2587,0,0
Avr 2023,79,0,10
Avr 2023,172,0,0
Avr 2023,198,0,0
Avr 2023,9,0,0
Avr 2023,371,0,0
Avr 2023,3988,0,0
Avr 2023,436,0,0
Avr 2023,195,0,0
Avr 2023,139,0,0
Avr 2023,69,0,1
Avr 2023,39,0,0
Avr 2023,467,0,0
Avr 2023,172,0,0
Avr 2023,285,0,0
Avr 2023,178,0,0
Avr 2023,19,0,0
Avr 2023,2,0,0
Avr 2023,2,0,0
Avr 2023,1,0,0
Avr 2023,13,0,5
Avr 2023,305,0,0
Avr 2023,212,0,0
Avr 2023,78,0,0
Avr 2023,230,0,0
Avr 2023,216,0,6
Avr 2023,51,0,0
Avr 2023,8,0,0
Avr 2023,31,0,0
Avr 2023,20,0,0
Avr 2023,20,0,0
Avr 2023,11,0,0
Avr 2023,319,0,12
Avr 2023,2786,0,0
Avr 2023,17,0,1
Avr 2023,207,0,5
Avr 2023,9,0,0
Avr 2023,283,0,0
Avr 2023,6,0,0
Avr 2023,1057,0,0
Avr 2023,974,0,0
Avr 2023,1,0,0
Avr 2023,1,0,0
Avr 2023,1,0,0
Avr 2023,39,0,0
Avr 2023,9,0,0
Avr 2023,2,0,0
Avr 2023,1,0,0
Avr 2023,7,0,0
Avr 2023,7,0,0
Avr 2023,1,0,0
Avr 2023,4,0,0
Avr 2023,2,0,0
Avr 2023,2,0,0
Avr 2023,6,0,0
Avr 2023,100,0,0
Avr 2023,26,0,0
Avr 2023,4,0,0
Avr 2023,24,0,0
Avr 2023,0,0,0
Mai 2023,82,0,18
Mai 2023,1,0,0
Mai 2023,217,0,0
Mai 2023,1,0,0
Mai 2023,5,0,0
Mai 2023,5,0,0
Mai 2023,7,0,0
Mai 2023,12,0,0
Mai 2023,3,0,0
Mai 2023,6,0,0
Mai 2023,68,0,0
Mai 2023,1,0,0
Mai 2023,19,0,0
Mai 2023,2270,0,0
Mai 2023,812,0,0
Mai 2023,13,0,0
Mai 2023,6,0,0
Mai 2023,4,0,0
Mai 2023,2,0,0
Mai 2023,12,0,0
Mai 2023,353,0,0
Mai 2023,2,0,0
Mai 2023,2,0,0
Mai 2023,195,0,32
Mai 2023,88,0,0
Mai 2023,4,0,0
Mai 2023,1,0,0
Mai 2023,1,0,0
Mai 2023,964,0,0
Mai 2023,55,0,0
Mai 2023,1,0,0
Mai 2023,14,0,0
Mai 2023,95,0,0
Mai 2023,5,0,0
Mai 2023,90,0,10
Mai 2023,100,0,0
Mai 2023,1635,0,58
Mai 2023,1,0,0
Mai 2023,43,0,0
Mai 2023,12,0,0
Mai 2023,93,0,0
Mai 2023,30,0,0
Mai 2023,14,0,0
Mai 2023,1,0,0
Mai 2023,2,0,0
Mai 2023,134,0,0
Mai 2023,5,0,7
Mai 2023,90,0,10
Mai 2023,964,0,0
Mai 2023,50,0,0
Mai 2023,37,0,0
Mai 2023,8,0,4
Mai 2023,5,0,0
Mai 2023,1,0,0
Mai 2023,1,0,0
Mai 2023,3,0,0
Mai 2023,1,0,5
Mai 2023,2,0,0
Mai 2023,14,0,0
Mai 2023,3,0,0
Mai 2023,1,0,0
Mai 2023,44,0,0
Mai 2023,1,0,0
Mai 2023,0,0,0
Mai 2023,6,0,0
Mai 2023,2,0,0
Mai 2023,29,0,0
Mai 2023,10,0,0
Mai 2023,50,0,0
Mai 2023,336,0,0
Mai 2023,1,0,0
Mai 2023,24,0,0
Mai 2023,56,0,0
Mai 2023,1,0,0
Mai 2023,1,0,0
Mai 2023,6,0,0
Mai 2023,35,0,0
Mai 2023,1,0,0
Mai 2023,12,0,0
Mai 2023,1,0,0
Mai 2023,0,0,0
Mai 2023,429,0,0
Mai 2023,46,0,0
Mai 2023,3,0,0
Mai 2023,0,0,0
Mai 2023,82,0,0
Mai 2023,1242,0,254
Mai 2023,93,0,35
Mai 2023,136,0,0
Mai 2023,324,0,0
Mai 2023,212,0,0
Mai 2023,91,0,0
Mai 2023,1175,0,0
Mai 2023,413,0,0
Mai 2023,186,0,0
Mai 2023,134,0,0
Mai 2023,130,0,0
Mai 2023,1078,0,0
Mai 2023,508,0,0
Mai 2023,539,0,0
Mai 2023,423,0,0
Mai 2023,77,0,0
Mai 2023,229,0,0
Mai 2023,202,0,10
Mai 2023,2694,0,0
Mai 2023,974,0,0
Mai 2023,429,0,3
Mai 2023,1463,0,0
Mai 2023,192,0,0
Mai 2023,12,0,3
Mai 2023,81,0,0
Mai 2023,9,0,0
Mai 2023,300,0,2
Mai 2023,431,0,0
Mai 2023,3,0,0
Mai 2023,7,0,0
Mai 2023,2,0,0
Mai 2023,3,0,0
Mai 2023,1,0,0
Mai 2023,16,0,0
Mai 2023,148,0,0
Mai 2023,1,0,0
Jui 2023,61,0,0
Jui 2023,7,0,0
Jui 2023,0,0,0
Jui 2023,68,0,0
Jui 2023,413,0,0
Jui 2023,3,0,0
Jui 2023,7,0,5
Jui 2023,288,0,38
Jui 2023,450,0,0
Jui 2023,7,0,0
Jui 2023,57,0,0
Jui 2023,100,0,0
Jui 2023,9,0,0
Jui 2023,2,0,0
Jui 2023,1,0,0
Jui 2023,1,0,0
Jui 2023,73,0,0
Jui 2023,42,0,0
Jui 2023,4,0,0
Jui 2023,4,0,0
Jui 2023,2,0,0
Jui 2023,2,0,0
Jui 2023,5,0,0
Jui 2023,20,0,0
Jui 2023,1,0,0
Jui 2023,2,0,0
Jui 2023,2,0,0
Jui 2023,2,0,0
Jui 2023,1,0,0
Jui 2023,1305,0,6
Jui 2023,251,0,1
Jui 2023,599,0,3
Jui 2023,425,0,0
Jui 2023,500,0,7
Jui 2023,129,0,0
Jui 2023,117,0,2
Jui 2023,100,0,0
Jui 2023,73,0,0
Jui 2023,1700,0,189
Jui 2023,996,0,0
Jui 2023,86,0,21
Jui 2023,100,0,0
Jui 2023,333,0,0
Jui 2023,110,0,22
Jui 2023,342,0,0
Jui 2023,6,0,0
Jui 2023,13,0,0
Jui 2023,356,0,0
Jui 2023,14,0,0
Jui 2023,1,0,0
Jui 2023,10,0,0
Jui 2023,16,0,0
Jui 2023,23,0,4
Jui 2023,391,0,0
Jui 2023,30,0,0
Jui 2023,1697,0,11
Jui 2023,8,0,0
Jui 2023,7,0,0
Jui 2023,4,0,0
Jui 2023,24,0,0
Jui 2023,203,0,0
Jui 2023,3817,0,24
Jui 2023,4,0,0
Jui 2023,36,0,0
Jui 2023,51,0,1
Jui 2023,45,0,0
Jui 2023,66,0,0
Jui 2023,280,0,0
Jui 2023,6,0,0
Jui 2023,95,0,0
Jui 2023,149,0,0
Jui 2023,44,0,0
Jui 2023,27,0,0
Jui 2023,46,0,0
Jui 2023,111,0,0
Jui 2023,16,0,0
Jui 2023,1139,0,0
Jui 2023,924,0,0
Jui 2023,279,0,0
Jui 2023,199,0,0
Jui 2023,26,0,0
Jui 2023,11,0,0
Jui 2023,1,0,3
Jui 2023,24,0,0
Jui 2023,1,0,0
Jui 2023,3,0,0
Jui 2023,526,0,0
Jui 2023,348,0,0
Jui 2023,490,0,0
Jui 2023,108,0,0
Jui 2023,264,0,0
Jui 2023,208,0,16
Jui 2023,453,0,5
Jui 2023,3079,0,0
Jui 2023,1186,0,0
Jui 2023,1969,0,0
Jui 2023,461,0,1
Jui 2023,1,0,0
Jui 2023,1,0,0
Jui 2023,1,0,0
Jui 2023,178,0,0
Jui 2023,1,0,0
Jui 2023,1,0,0
Jui 2023,6,0,0
Jui 2023,6,0,0
Jui 2023,5,0,0
Jui 2023,1,0,0
Jui 2023,1,0,0
Jui 2023,16,0,0
Jui 2023,7,0,0
Jui 2023,1,0,0
Juil 2023,3,0,9
Juil 2023,9,0,3
Juil 2023,0,0,1
Juil 2023,2,0,0
Juil 2023,100,0,0
Juil 2023,44,0,56
Juil 2023,100,0,0
Juil 2023,4,0,0
Juil 2023,3,0,0
Juil 2023,3,0,0
Juil 2023,2,0,0
Juil 2023,4,0,0
Juil 2023,1,0,0
Juil 2023,2,0,0
Juil 2023,1,0,0
Juil 2023,1,0,0
Juil 2023,1,0,0
Juil 2023,6,0,0
Juil 2023,4,0,0
Juil 2023,266,0,43
Juil 2023,1,0,0
Juil 2023,168,0,0
Juil 2023,13,0,0
Juil 2023,0,0,0
Juil 2023,1,0,0
Juil 2023,400,0,0
Juil 2023,233,0,0
Juil 2023,280,0,0
Juil 2023,25,0,0
Juil 2023,49,0,0
Juil 2023,218,0,0
Juil 2023,14,0,0
Juil 2023,148,0,0
Juil 2023,19,0,0
Juil 2023,13,0,0
Juil 2023,14,0,0
Juil 2023,126,0,0
Juil 2023,1,0,0
Juil 2023,1,0,0
Juil 2023,1,0,5
Juil 2023,19,0,0
Juil 2023,4,0,0
Juil 2023,1,0,0
Juil 2023,6,0,0
Juil 2023,456,0,0
Juil 2023,1,0,0
Juil 2023,232,0,4
Juil 2023,12,0,0
Juil 2023,687,0,0
Juil 2023,1,0,0
Juil 2023,11,0,0
Juil 2023,4,0,0
Juil 2023,3,0,0
Juil 2023,8,0,0
Juil 2023,6,0,0
Juil 2023,1,0,0
Juil 2023,1,0,0
Juil 2023,2,0,0
Juil 2023,221,0,12
Juil 2023,384,0,4
Juil 2023,1499,0,0
Juil 2023,12,0,0
Juil 2023,208,0,5
Juil 2023,8,0,2
Juil 2023,1055,0,0
Juil 2023,5,0,0
Juil 2023,7,0,0
Juil 2023,2,0,0
Juil 2023,2,0,0
Juil 2023,7,0,0
Juil 2023,2,0,0
Juil 2023,2399,0,0
Juil 2023,1228,0,101
Juil 2023,115,0,0
Juil 2023,2725,0,0
Juil 2023,0,0,0
Juil 2023,193,0,0
Juil 2023,6,0,0
Juil 2023,1051,0,0
Juil 2023,101,0,0
Juil 2023,102,0,0
Juil 2023,1,0,0
Juil 2023,6,0,0
Juil 2023,74,0,0
Juil 2023,163,0,0
Juil 2023,38,0,0
Juil 2023,682,0,0
Juil 2023,396,0,0
Juil 2023,6,0,0
Juil 2023,34,0,0
Juil 2023,2,0,0
Juil 2023,4,0,0
Juil 2023,20,0,0
Juil 2023,11,0,0
Juil 2023,1,0,0
Juil 2023,1,0,0
Juil 2023,1,0,0
Juil 2023,53,0,0
Juil 2023,385,0,1
Juil 2023,803,0,0
Juil 2023,671,0,0
Juil 2023,36,0,0
Juil 2023,825,0,0
Juil 2023,142,0,0
Juil 2023,79,0,0
Juil 2023,133,0,0
Juil 2023,155,0,0
Juil 2023,80,0,0
Juil 2023,217,0,0
Juil 2023,320,0,0
Juil 2023,265,0,0
Juil 2023,460,0,0
Juil 2023,1,0,0
Juil 2023,4,0,0
Juil 2023,67,0,0
Aou 2023,8,0,0
Aou 2023,2,0,0
Aou 2023,231,0,0
Aou 2023,5,0,1
Aou 2023,0,0,2
Aou 2023,2,0,0
Aou 2023,65,0,225
Aou 2023,100,0,0
Aou 2023,80,0,20
Aou 2023,60,0,40
Aou 2023,1,0,0
Aou 2023,2,0,0
Aou 2023,0,1,0
Aou 2023,0,0,1
Aou 2023,2,0,0
Aou 2023,1,0,0
Aou 2023,1,0,5
Aou 2023,16,0,49
Aou 2023,22,0,0
Aou 2023,120,0,0
Aou 2023,2,0,0
Aou 2023,3,0,0
Aou 2023,7,0,0
Aou 2023,7,0,0
Aou 2023,3,0,0
Aou 2023,77,0,2
Aou 2023,5,0,0
Aou 2023,2,0,0
Aou 2023,806,0,0
Aou 2023,4,0,0
Aou 2023,28,0,0
Aou 2023,253,0,0
Aou 2023,116,0,0
Aou 2023,100,0,0
Aou 2023,20,0,0
Aou 2023,1698,0,55
Aou 2023,101,0,0
Aou 2023,107,0,1
Aou 2023,299,0,0
Aou 2023,20,0,0
Aou 2023,65,0,0
Aou 2023,125,0,0
Aou 2023,70,0,0
Aou 2023,2303,0,0
Aou 2023,687,0,0
Aou 2023,82,0,0
Aou 2023,87,0,0
Aou 2023,53,0,0
Aou 2023,1,0,0
Aou 2023,1,0,0
Aou 2023,1,0,0
Aou 2023,1,0,0
Aou 2023,1,0,0
Aou 2023,88,0,0
Aou 2023,60,0,1
Aou 2023,4,0,0
Aou 2023,359,0,0
Aou 2023,50,0,0
Aou 2023,372,0,0
Aou 2023,316,0,0
Aou 2023,95,0,0
Aou 2023,169,0,0
Aou 2023,5,0,0
Aou 2023,82,0,0
Aou 2023,43,0,0
Aou 2023,0,0,0
Aou 2023,28,0,0
Aou 2023,1,0,0
Aou 2023,285,0,0
Aou 2023,186,0,0
Aou 2023,899,0,0
Aou 2023,489,0,0
Aou 2023,19,0,0
Aou 2023,76,0,0
Aou 2023,81,0,0
Aou 2023,75,0,0
Aou 2023,6,0,0
Aou 2023,467,0,0
Aou 2023,286,0,2
Aou 2023,1731,0,0
Aou 2023,1011,0,0
Aou 2023,2465,0,5
Aou 2023,371,0,0
Aou 2023,33,0,0
Aou 2023,5,0,0
Aou 2023,13,0,0
Aou 2023,4,0,0
Aou 2023,4,0,0
Aou 2023,1,0,0
Aou 2023,339,0,0
Aou 2023,3,0,0
Aou 2023,4,0,0
Aou 2023,11,0,0
Aou 2023,1,0,0
Aou 2023,8,0,0
Aou 2023,89,0,0
Aou 2023,1,0,0
Aou 2023,100,0,0
Aou 2023,58,0,0
Aou 2023,156,0,0
Aou 2023,1500,0,0
Aou 2023,419,0,0
Aou 2023,1039,0,0
Aou 2023,1,0,0
Aou 2023,3,0,0
Aou 2023,68,0,0
Aou 2023,186,0,0
Aou 2023,0,0,15
Aou 2023,20,0,0
Aou 2023,1,0,0
Aou 2023,1,0,0
Sep 2023,9,0,0
Sep 2023,869,0,0
Sep 2023,1260,0,0
Sep 2023,234,0,0
Sep 2023,9,0,0
Sep 2023,363,0,0
Sep 2023,160,0,0
Sep 2023,4,0,0
Sep 2023,6,0,0
Sep 2023,0,0,58
Sep 2023,47,0,0
Sep 2023,1,0,0
Sep 2023,3,0,0
Sep 2023,11,0,1
Sep 2023,750,0,0
Sep 2023,173,0,0
Sep 2023,65,0,0
Sep 2023,468,0,0
Sep 2023,57,0,0
Sep 2023,1,0,0
Sep 2023,185,0,89
Sep 2023,292,0,0
Sep 2023,16,0,0
Sep 2023,9,0,0
Sep 2023,4,0,0
Sep 2023,2,0,0
Sep 2023,1,0,1
Sep 2023,1,0,0
Sep 2023,26,0,0
Sep 2023,27,0,0
Sep 2023,87,0,0
Sep 2023,99,0,0
Sep 2023,93,0,1
Sep 2023,4,0,8
Sep 2023,6,0,0
Sep 2023,4,0,0
Sep 2023,5,0,0
Sep 2023,1,0,0
Sep 2023,2,0,0
Sep 2023,47,0,0
Sep 2023,10,0,0
Sep 2023,26,0,0
Sep 2023,0,0,0
Sep 2023,3498,0,6
Sep 2023,370,0,0
Sep 2023,10,0,0
Sep 2023,100,0,0
Sep 2023,100,0,0
Sep 2023,95,0,0
Sep 2023,378,0,0
Sep 2023,27,0,0
Sep 2023,2645,0,26
Sep 2023,78,0,0
Sep 2023,1375,0,0
Sep 2023,10,0,0
Sep 2023,3,0,0
Sep 2023,177,0,5
Sep 2023,78,0,0
Sep 2023,1121,0,0
Sep 2023,320,0,0
Sep 2023,12,0,0
Sep 2023,638,0,0
Sep 2023,528,0,4
Sep 2023,560,0,0
Sep 2023,108,0,0
Sep 2023,83,0,0
Sep 2023,319,0,0
Sep 2023,151,0,5
Sep 2023,2,0,0
Sep 2023,5,0,0
Sep 2023,11,0,0
Sep 2023,74,0,0
Sep 2023,475,0,4
Sep 2023,2788,0,0
Sep 2023,1164,0,0
Sep 2023,1482,0,0
Sep 2023,13,0,1
Sep 2023,97,0,0
Sep 2023,327,0,0
Sep 2023,376,0,0
Sep 2023,346,0,0
Sep 2023,163,0,0
Sep 2023,175,0,0
Sep 2023,968,0,0
Sep 2023,100,0,0
Sep 2023,26,0,0
Sep 2023,0,0,0
Sep 2023,58,0,1
Sep 2023,3,0,0
Sep 2023,1,0,0
Sep 2023,5,0,0
Sep 2023,1,0,0
Sep 2023,91,0,0
Sep 2023,1,0,0
Sep 2023,1,0,0
Sep 2023,164,0,0
Sep 2023,907,0,0
Sep 2023,643,0,0
Sep 2023,161,0,0
Sep 2023,184,0,0
Sep 2023,490,0,0
Sep 2023,100,0,0
Sep 2023,2,0,0
Sep 2023,0,0,4
Sep 2023,3,0,1
Sep 2023,0,0,3
Sep 2023,15,0,43
Sep 2023,3,0,0
Sep 2023,1,0,0
Sep 2023,5,0,0
Sep 2023,34,0,0
Sep 2023,3,0,1
Sep 2023,0,0,1
Sep 2023,0,0,1
Sep 2023,0,0,2
Sep 2023,0,0,4
Sep 2023,2,0,0
Oct 2023,53,0,0
Oct 2023,682,0,0
Oct 2023,31,0,0
Oct 2023,5,0,6
Oct 2023,2,0,0
Oct 2023,1013,0,0
Oct 2023,7,0,1
Oct 2023,1,0,0
Oct 2023,1,0,0
Oct 2023,111,0,206
Oct 2023,0,0,6
Oct 2023,102,0,9
Oct 2023,72,0,0
Oct 2023,263,0,0
Oct 2023,46,0,0
Oct 2023,6,0,0
Oct 2023,6,0,0
Oct 2023,1,0,0
Oct 2023,107,0,0
Oct 2023,32,0,0
Oct 2023,19,0,0
Oct 2023,4,0,0
Oct 2023,10,0,0
Oct 2023,6,0,0
Oct 2023,56,0,0
Oct 2023,48,0,0
Oct 2023,5,0,1
Oct 2023,70,0,12
Oct 2023,113,0,0
Oct 2023,34,0,0
Oct 2023,11,0,0
Oct 2023,129,0,0
Oct 2023,7,0,0
Oct 2023,10,0,0
Oct 2023,105,0,0
Oct 2023,3,0,0
Oct 2023,2,0,0
Oct 2023,2,0,0
Oct 2023,1,0,0
Oct 2023,1,0,0
Oct 2023,1,0,0
Oct 2023,424,0,0
Oct 2023,18,0,0
Oct 2023,226,0,0
Oct 2023,83,0,0
Oct 2023,7,0,1
Oct 2023,94,0,0
Oct 2023,3,0,0
Oct 2023,35,0,0
Oct 2023,26,0,0
Oct 2023,8,0,0
Oct 2023,1373,0,152
Oct 2023,202,0,21
Oct 2023,131,0,7
Oct 2023,2762,0,0
Oct 2023,2825,0,28
Oct 2023,1382,0,0
Oct 2023,803,0,0
Oct 2023,300,0,0
Oct 2023,117,0,0
Oct 2023,499,0,6
Oct 2023,2006,0,154
Oct 2023,4942,0,0
Oct 2023,391,0,0
Oct 2023,8,0,0
Oct 2023,12,0,0
Oct 2023,91,0,0
Oct 2023,160,0,0
Oct 2023,0,0,0
Oct 2023,1,0,0
Oct 2023,11,0,0
Oct 2023,62,0,0
Oct 2023,62,0,0
Oct 2023,375,0,0
Oct 2023,446,0,0
Oct 2023,1814,0,0
Oct 2023,3,0,1
Oct 2023,2721,0,0
Oct 2023,0,0,0
Oct 2023,118,0,0
Oct 2023,1,0,0
Oct 2023,263,0,0
Oct 2023,215,0,8
Oct 2023,1,0,0
Oct 2023,1270,0,0
Oct 2023,19,0,0
Oct 2023,52,0,0
Oct 2023,76,0,0
Oct 2023,195,0,0
Oct 2023,371,0,3
Oct 2023,179,0,0
Oct 2023,6,0,0
Oct 2023,3,0,0
Oct 2023,0,0,3
Oct 2023,3,0,0
Oct 2023,0,0,7
Oct 2023,11,0,0
Oct 2023,22,1,0
Oct 2023,1,0,0
Oct 2023,3,0,3
Oct 2023,2,0,0
Oct 2023,0,0,1
Oct 2023,306,0,0
Oct 2023,0,0,1
Oct 2023,2,0,1
Oct 2023,13,0,0
Oct 2023,4,0,0
Oct 2023,264,0,0
Oct 2023,116,0,0
Oct 2023,283,0,0
Oct 2023,12,0,0
Oct 2023,96,0,0
Oct 2023,348,0,0
Oct 2023,596,0,0
Oct 2023,481,0,0
Oct 2023,1,0,0
Nov 2023,5,0,9
Nov 2023,13,0,0
Nov 2023,42,0,0
Nov 2023,2,0,0
Nov 2023,165,0,166
Nov 2023,427,0,0
Nov 2023,196,0,0
Nov 2023,8,0,0
Nov 2023,38,0,0
Nov 2023,0,0,0
Nov 2023,0,0,0
Nov 2023,53,0,0
Nov 2023,0,0,0
Nov 2023,124,0,0
Nov 2023,35,0,0
Nov 2023,0,0,1
Nov 2023,2,0,0
Nov 2023,2606,0,0
Nov 2023,58,0,0
Nov 2023,16,0,0
Nov 2023,258,0,0
Nov 2023,1,0,0
Nov 2023,4,0,0
Nov 2023,1,0,0
Nov 2023,9,0,0
Nov 2023,6,0,0
Nov 2023,3,0,0
Nov 2023,17,0,0
Nov 2023,10,0,0
Nov 2023,1,0,0
Nov 2023,954,0,0
Nov 2023,130,0,0
Nov 2023,17,0,0
Nov 2023,53,0,0
Nov 2023,1,0,0
Nov 2023,40,0,0
Nov 2023,1535,0,0
Nov 2023,310,0,0
Nov 2023,141,0,0
Nov 2023,4232,0,58
Nov 2023,18,0,0
Nov 2023,21,0,0
Nov 2023,12,0,0
Nov 2023,1384,0,0
Nov 2023,139,0,0
Nov 2023,40,0,0
Nov 2023,1013,0,0
Nov 2023,12,0,0
Nov 2023,0,0,0
Nov 2023,87,0,0
Nov 2023,3,0,0
Nov 2023,93,0,0
Nov 2023,396,0,0
Nov 2023,602,0,0
Nov 2023,421,0,0
Nov 2023,219,0,0
Nov 2023,129,0,13
Nov 2023,463,0,9
Nov 2023,2955,0,0
Nov 2023,1136,0,0
Nov 2023,1,0,0
Nov 2023,1,0,0
Nov 2023,179,0,0
Nov 2023,1,0,0
Nov 2023,1,0,0
Nov 2023,83,0,0
Nov 2023,436,0,0
Nov 2023,60,0,0
Nov 2023,187,0,0
Nov 2023,5,0,0
Nov 2023,75,0,0
Nov 2023,128,0,0
Nov 2023,2247,0,0
Nov 2023,13,0,0
Nov 2023,4631,0,0
Nov 2023,13,0,0
Nov 2023,518,0,0
Nov 2023,504,0,0
Nov 2023,8,0,0
Nov 2023,4,0,0
Nov 2023,10,0,0
Nov 2023,1,0,0
Nov 2023,164,0,0
Nov 2023,1550,0,0
Nov 2023,792,0,0
Nov 2023,335,0,0
Nov 2023,196,0,0
Nov 2023,175,0,0
Nov 2023,329,0,0
Nov 2023,8,0,0
Dec 2023,25,0,0
Dec 2023,4,0,6
Dec 2023,10,0,0
Dec 2023,0,0,0
Dec 2023,178,0,98
Dec 2023,140,0,0
Dec 2023,873,0,0
Dec 2023,35,0,0
Dec 2023,0,0,0
Dec 2023,8,0,0
Dec 2023,65,0,0
Dec 2023,427,0,1
Dec 2023,144,0,0
Dec 2023,13,0,0
Dec 2023,2,0,2
Dec 2023,0,0,0
Dec 2023,38,0,0
Dec 2023,10,0,0
Dec 2023,64,0,0
Dec 2023,9,0,0
Dec 2023,8,0,0
Dec 2023,141,0,0
Dec 2023,28,0,0
Dec 2023,18,0,0
Dec 2023,1250,0,0
Dec 2023,118,0,0
Dec 2023,98,0,0
Dec 2023,14,0,0
Dec 2023,861,0,0
Dec 2023,1,0,0
Dec 2023,5,0,1
Dec 2023,2711,0,21
Dec 2023,3228,0,0
Dec 2023,503,0,0
Dec 2023,971,0,0
Dec 2023,781,0,0
Dec 2023,321,0,0
Dec 2023,321,0,0
Dec 2023,378,0,0
Dec 2023,0,0,0
Dec 2023,36,0,0
Dec 2023,4,0,0
Dec 2023,1,0,0
Dec 2023,5,0,0
Dec 2023,3,0,0
Dec 2023,14,0,0
Dec 2023,1,0,0
Dec 2023,1,0,0
Dec 2023,11,0,0
Dec 2023,195,0,0
Dec 2023,5,0,0
Dec 2023,5,0,0
Dec 2023,3,0,0
Dec 2023,663,0,0
Dec 2023,411,0,0
Dec 2023,45,0,0
Dec 2023,81,0,0
Dec 2023,44,0,0
Dec 2023,167,0,0
Dec 2023,412,0,0
Dec 2023,370,0,0
Dec 2023,57,0,0
Dec 2023,11,0,0
Dec 2023,11,0,0
Dec 2023,114,0,0
Dec 2023,0,0,0
Dec 2023,85,0,0
Dec 2023,72,0,0
Dec 2023,139,0,0
Dec 2023,1015,0,0
Dec 2023,1564,0,154
Dec 2023,81,0,0
Dec 2023,273,0,0
Dec 2023,423,0,0
Dec 2023,341,0,0
Dec 2023,4,0,0
Dec 2023,2,0,0
Dec 2023,1,0,0
Dec 2023,1,0,0
Dec 2023,3,0,0
Dec 2023,9,0,0
Dec 2023,1,0,0
Dec 2023,61,0,0
Dec 2023,97,0,0
Dec 2023,1,0,0
Dec 2023,92,0,3
Dec 2023,247,0,3
Dec 2023,1,0,0
Dec 2023,3,0,0
Dec 2023,2206,0,0
Dec 2023,6,0,0
Dec 2023,10,0,0
Dec 2023,328,0,0
Dec 2023,0,0,1
Dec 2023,146,0,0
Dec 2023,280,0,0
Dec 2023,10,0,0
